instances,datasets,random_numbers,solutions
san200-0-7-2,dimacs,1,3
frb45-21-2,bhoslib,2,2
san200-0-9-3,dimacs,3,2
c-fat500-1,dimacs,4,32
frb35-17-1,bhoslib,5,4
san200-0-9-1,dimacs,6,2
p-hat300-2,dimacs,7,5
p-hat1500-3,dimacs,8,4
frb40-19-1,bhoslib,9,3
gen400-p0-9-75,dimacs,10,2
frb45-21-2,bhoslib,11,2
C250-9,dimacs,12,2
frb35-17-3,bhoslib,13,3
brock200-2,dimacs,14,5
frb35-17-4,bhoslib,15,3
frb45-21-2,bhoslib,16,2
frb45-21-1,bhoslib,17,3
brock400-4,dimacs,18,3
DSJC1000-5,dimacs,19,6
MANN-a27,dimacs,20,2
frb45-21-2,bhoslib,21,2
MANN-a81,dimacs,22,2
san400-0-7-2,dimacs,23,4
frb30-15-3,bhoslib,24,3
frb59-26-2,bhoslib,25,3
MANN-a81,dimacs,26,2
C125-9,dimacs,27,2
p-hat300-1,dimacs,28,8
p-hat1500-3,dimacs,29,4
san200-0-9-2,dimacs,30,2
p-hat1500-1,dimacs,31,14
gen400-p0-9-75,dimacs,32,2
frb45-21-3,bhoslib,33,4
gen200-p0-9-55,dimacs,34,2
san1000,dimacs,35,15
brock200-4,dimacs,36,3
hamming10-4,dimacs,37,8
frb40-19-3,bhoslib,38,3
frb50-23-5,bhoslib,39,3
frb45-21-4,bhoslib,40,3
keller6,dimacs,41,4
c-fat500-2,dimacs,42,15
san400-0-7-2,dimacs,43,4
c-fat500-5,dimacs,44,6
frb30-15-2,bhoslib,45,3
hamming10-4,dimacs,46,8
brock400-4,dimacs,47,3
hamming8-4,dimacs,48,8
frb50-23-2,bhoslib,49,4
p-hat1500-3,dimacs,50,4
brock200-2,dimacs,51,5
frb45-21-4,bhoslib,52,3
frb50-23-5,bhoslib,53,3
johnson8-2-4,dimacs,54,3
frb40-19-3,bhoslib,55,3
brock200-4,dimacs,56,3
C2000-9,dimacs,57,3
frb50-23-5,bhoslib,58,3
gen400-p0-9-65,dimacs,59,2
keller5,dimacs,60,4
frb40-19-3,bhoslib,61,3
brock800-2,dimacs,62,4
san400-0-7-3,dimacs,63,4
frb100-40,bhoslib,64,3
C250-9,dimacs,65,2
C2000-5,dimacs,66,7
hamming6-4,dimacs,67,8
C2000-5,dimacs,68,8
c-fat200-5,dimacs,69,3
c-fat200-2,dimacs,70,7
hamming10-4,dimacs,71,8
DSJC1000-5,dimacs,72,6
c-fat200-1,dimacs,73,15
brock400-2,dimacs,74,3
brock200-2,dimacs,75,5
p-hat300-3,dimacs,76,3
hamming6-2,dimacs,77,2
san400-0-5-1,dimacs,78,8
MANN-a45,dimacs,79,2
hamming6-2,dimacs,80,2
frb35-17-4,bhoslib,81,3
frb40-19-5,bhoslib,82,3
c-fat500-2,dimacs,83,16
frb40-19-1,bhoslib,84,3
frb53-24-2,bhoslib,85,3
brock800-4,dimacs,86,4
p-hat1500-3,dimacs,87,4
brock800-4,dimacs,88,4
frb35-17-4,bhoslib,89,3
c-fat500-5,dimacs,90,7
C250-9,dimacs,91,2
brock400-4,dimacs,92,3
hamming6-4,dimacs,93,8
brock800-4,dimacs,94,4
DSJC1000-5,dimacs,95,6
frb40-19-5,bhoslib,96,3
san400-0-7-1,dimacs,97,3
frb35-17-2,bhoslib,98,3
gen200-p0-9-55,dimacs,99,2
p-hat300-3,dimacs,100,3
san400-0-5-1,dimacs,101,8
hamming10-4,dimacs,102,8
frb50-23-2,bhoslib,103,4
C125-9,dimacs,104,2
p-hat300-2,dimacs,105,5
san200-0-9-3,dimacs,106,2
johnson32-2-4,dimacs,107,3
frb45-21-4,bhoslib,108,3
frb100-40,bhoslib,109,3
frb45-21-1,bhoslib,110,3
p-hat700-2,dimacs,111,5
frb40-19-3,bhoslib,112,3
p-hat700-2,dimacs,113,5
p-hat1500-2,dimacs,114,10
p-hat1500-1,dimacs,115,14
gen400-p0-9-55,dimacs,116,2
gen200-p0-9-44,dimacs,117,2
frb40-19-4,bhoslib,118,3
MANN-a81,dimacs,119,2
p-hat300-1,dimacs,120,8
frb40-19-2,bhoslib,121,3
c-fat200-2,dimacs,122,7
frb30-15-4,bhoslib,123,3
frb100-40,bhoslib,124,3
c-fat200-2,dimacs,125,6
san200-0-9-1,dimacs,126,2
frb59-26-5,bhoslib,127,3
frb53-24-2,bhoslib,128,3
MANN-a27,dimacs,129,2
p-hat1500-2,dimacs,130,9
gen400-p0-9-75,dimacs,131,2
frb59-26-3,bhoslib,132,3
gen400-p0-9-55,dimacs,133,2
p-hat1500-1,dimacs,134,13
MANN-a81,dimacs,135,2
frb35-17-5,bhoslib,136,3
C1000-9,dimacs,137,3
frb50-23-1,bhoslib,138,3
frb35-17-4,bhoslib,139,3
san200-0-7-2,dimacs,140,3
p-hat700-2,dimacs,141,5
p-hat300-3,dimacs,142,3
frb35-17-3,bhoslib,143,3
p-hat1500-3,dimacs,144,4
frb59-26-2,bhoslib,145,3
frb59-26-1,bhoslib,146,4
hamming8-2,dimacs,147,2
johnson8-2-4,dimacs,148,3
frb59-26-2,bhoslib,149,3
frb30-15-4,bhoslib,150,3
frb30-15-4,bhoslib,151,3
san200-0-9-2,dimacs,152,2
frb40-19-5,bhoslib,153,3
brock400-2,dimacs,154,3
san200-0-9-3,dimacs,155,2
C1000-9,dimacs,156,3
hamming8-4,dimacs,157,8
gen200-p0-9-55,dimacs,158,2
frb30-15-2,bhoslib,159,3
frb35-17-3,bhoslib,160,3
p-hat1500-2,dimacs,161,10
keller6,dimacs,162,4
frb40-19-3,bhoslib,163,3
C125-9,dimacs,164,2
san200-0-7-1,dimacs,165,2
brock200-4,dimacs,166,3
frb53-24-4,bhoslib,167,3
johnson16-2-4,dimacs,168,3
hamming6-4,dimacs,169,8
DSJC500-5,dimacs,170,5
san400-0-7-1,dimacs,171,3
C500-9,dimacs,172,2
p-hat300-1,dimacs,173,9
c-fat500-1,dimacs,174,32
brock800-2,dimacs,175,4
DSJC500-5,dimacs,176,6
frb35-17-4,bhoslib,177,3
keller4,dimacs,178,4
MANN-a27,dimacs,179,2
C500-9,dimacs,180,2
frb50-23-1,bhoslib,181,3
MANN-a27,dimacs,182,2
san200-0-7-1,dimacs,183,3
C2000-9,dimacs,184,3
frb35-17-1,bhoslib,185,4
frb35-17-1,bhoslib,186,4
frb40-19-5,bhoslib,187,3
frb50-23-1,bhoslib,188,3
frb40-19-2,bhoslib,189,3
frb45-21-1,bhoslib,190,3
keller6,dimacs,191,4
gen200-p0-9-55,dimacs,192,2
p-hat1500-2,dimacs,193,9
hamming6-2,dimacs,194,2
frb30-15-1,bhoslib,195,3
san400-0-7-3,dimacs,196,4
frb40-19-2,bhoslib,197,3
frb35-17-2,bhoslib,198,3
hamming6-2,dimacs,199,2
C250-9,dimacs,200,2
frb45-21-2,bhoslib,201,2
frb53-24-3,bhoslib,202,3
MANN-a45,dimacs,203,2
frb53-24-1,bhoslib,204,3
san400-0-7-1,dimacs,205,3
san400-0-7-2,dimacs,206,4
frb40-19-5,bhoslib,207,3
frb30-15-3,bhoslib,208,3
san200-0-9-3,dimacs,209,2
san400-0-5-1,dimacs,210,9
hamming6-4,dimacs,211,8
MANN-a81,dimacs,212,2
san400-0-5-1,dimacs,213,9
frb30-15-2,bhoslib,214,3
c-fat500-1,dimacs,215,32
frb35-17-5,bhoslib,216,3
keller5,dimacs,217,4
c-fat500-2,dimacs,218,17
hamming6-2,dimacs,219,2
frb59-26-5,bhoslib,220,3
san400-0-7-1,dimacs,221,3
frb35-17-5,bhoslib,222,3
frb59-26-2,bhoslib,223,3
frb35-17-5,bhoslib,224,3
c-fat500-1,dimacs,225,31
c-fat200-2,dimacs,226,8
keller4,dimacs,227,4
MANN-a27,dimacs,228,2
C125-9,dimacs,229,2
frb53-24-4,bhoslib,230,3
MANN-a9,dimacs,231,2
C1000-9,dimacs,232,3
c-fat500-2,dimacs,233,16
frb50-23-1,bhoslib,234,3
frb35-17-4,bhoslib,235,3
frb35-17-5,bhoslib,236,3
frb30-15-2,bhoslib,237,3
p-hat1500-3,dimacs,238,4
C250-9,dimacs,239,2
p-hat700-2,dimacs,240,5
MANN-a9,dimacs,241,2
frb30-15-2,bhoslib,242,3
johnson16-2-4,dimacs,243,3
DSJC500-5,dimacs,244,6
p-hat700-1,dimacs,245,11
frb40-19-1,bhoslib,246,3
san200-0-9-2,dimacs,247,2
frb53-24-4,bhoslib,248,4
johnson8-4-4,dimacs,249,3
frb30-15-2,bhoslib,250,3
keller4,dimacs,251,4
p-hat700-1,dimacs,252,11
frb59-26-1,bhoslib,253,4
gen400-p0-9-65,dimacs,254,2
c-fat500-1,dimacs,255,31
hamming8-4,dimacs,256,8
c-fat200-1,dimacs,257,14
johnson8-4-4,dimacs,258,3
c-fat500-2,dimacs,259,16
frb40-19-2,bhoslib,260,3
frb30-15-2,bhoslib,261,3
frb100-40,bhoslib,262,3
C2000-5,dimacs,263,8
c-fat200-1,dimacs,264,13
p-hat1500-1,dimacs,265,14
san400-0-7-2,dimacs,266,4
brock400-4,dimacs,267,3
c-fat500-1,dimacs,268,33
c-fat500-1,dimacs,269,30
frb35-17-5,bhoslib,270,3
frb35-17-5,bhoslib,271,3
san400-0-7-2,dimacs,272,4
gen200-p0-9-55,dimacs,273,2
c-fat200-2,dimacs,274,8
frb35-17-5,bhoslib,275,3
C1000-9,dimacs,276,3
p-hat1500-1,dimacs,277,14
frb30-15-3,bhoslib,278,3
C2000-9,dimacs,279,3
c-fat500-5,dimacs,280,6
p-hat300-3,dimacs,281,3
gen400-p0-9-55,dimacs,282,2
frb53-24-2,bhoslib,283,3
p-hat300-3,dimacs,284,3
frb45-21-1,bhoslib,285,3
san400-0-5-1,dimacs,286,8
frb50-23-5,bhoslib,287,3
frb45-21-5,bhoslib,288,4
san200-0-9-1,dimacs,289,2
C500-9,dimacs,290,2
c-fat500-5,dimacs,291,7
c-fat500-1,dimacs,292,32
frb40-19-2,bhoslib,293,3
p-hat700-3,dimacs,294,4
frb53-24-1,bhoslib,295,3
keller4,dimacs,296,4
MANN-a27,dimacs,297,2
san400-0-7-1,dimacs,298,3
frb30-15-1,bhoslib,299,3
c-fat500-1,dimacs,300,30
frb53-24-4,bhoslib,301,4
frb30-15-1,bhoslib,302,3
frb59-26-4,bhoslib,303,3
san400-0-7-3,dimacs,304,4
frb100-40,bhoslib,305,3
frb35-17-4,bhoslib,306,3
frb59-26-4,bhoslib,307,3
frb45-21-4,bhoslib,308,3
frb53-24-5,bhoslib,309,3
frb35-17-1,bhoslib,310,4
brock400-2,dimacs,311,3
frb30-15-5,bhoslib,312,3
MANN-a81,dimacs,313,2
frb53-24-3,bhoslib,314,3
C2000-9,dimacs,315,3
san200-0-7-2,dimacs,316,3
frb50-23-3,bhoslib,317,3
gen200-p0-9-55,dimacs,318,2
C2000-9,dimacs,319,3
frb59-26-4,bhoslib,320,3
frb35-17-5,bhoslib,321,3
frb59-26-1,bhoslib,322,4
c-fat200-5,dimacs,323,3
brock400-4,dimacs,324,3
frb50-23-5,bhoslib,325,3
frb35-17-1,bhoslib,326,4
frb50-23-5,bhoslib,327,3
frb40-19-3,bhoslib,328,3
johnson8-2-4,dimacs,329,3
san400-0-7-3,dimacs,330,4
frb53-24-1,bhoslib,331,3
frb30-15-5,bhoslib,332,2
frb35-17-2,bhoslib,333,4
frb45-21-1,bhoslib,334,3
gen200-p0-9-44,dimacs,335,2
san400-0-5-1,dimacs,336,8
san200-0-7-1,dimacs,337,2
brock800-2,dimacs,338,4
hamming6-2,dimacs,339,2
frb53-24-1,bhoslib,340,3
san200-0-7-2,dimacs,341,3
frb59-26-5,bhoslib,342,3
MANN-a81,dimacs,343,2
frb59-26-2,bhoslib,344,3
c-fat500-5,dimacs,345,6
brock400-2,dimacs,346,3
hamming10-4,dimacs,347,8
C2000-5,dimacs,348,8
MANN-a27,dimacs,349,2
frb40-19-4,bhoslib,350,4
C1000-9,dimacs,351,3
san400-0-7-1,dimacs,352,3
frb59-26-5,bhoslib,353,3
C500-9,dimacs,354,2
san200-0-9-3,dimacs,355,2
brock400-4,dimacs,356,3
gen400-p0-9-65,dimacs,357,2
frb50-23-4,bhoslib,358,3
frb45-21-5,bhoslib,359,4
frb35-17-5,bhoslib,360,3
san400-0-7-3,dimacs,361,4
johnson16-2-4,dimacs,362,3
brock200-4,dimacs,363,3
gen200-p0-9-55,dimacs,364,2
hamming8-4,dimacs,365,8
johnson8-4-4,dimacs,366,3
C4000-5,dimacs,367,8
C2000-5,dimacs,368,8
brock800-4,dimacs,369,4
frb53-24-5,bhoslib,370,3
frb30-15-3,bhoslib,371,3
frb35-17-1,bhoslib,372,4
san400-0-7-1,dimacs,373,3
frb45-21-4,bhoslib,374,3
frb35-17-2,bhoslib,375,3
frb45-21-2,bhoslib,376,2
frb53-24-4,bhoslib,377,3
frb30-15-1,bhoslib,378,3
MANN-a81,dimacs,379,2
frb100-40,bhoslib,380,3
MANN-a27,dimacs,381,2
san200-0-7-2,dimacs,382,3
frb35-17-5,bhoslib,383,3
frb40-19-1,bhoslib,384,3
p-hat1500-3,dimacs,385,4
frb30-15-1,bhoslib,386,3
C500-9,dimacs,387,2
MANN-a9,dimacs,388,2
frb35-17-1,bhoslib,389,4
frb50-23-3,bhoslib,390,3
C125-9,dimacs,391,2
C250-9,dimacs,392,2
brock200-2,dimacs,393,5
MANN-a81,dimacs,394,2
c-fat200-5,dimacs,395,3
brock400-4,dimacs,396,3
p-hat1500-1,dimacs,397,13
MANN-a45,dimacs,398,2
c-fat500-1,dimacs,399,31
frb50-23-2,bhoslib,400,4
MANN-a45,dimacs,401,2
frb40-19-3,bhoslib,402,3
frb40-19-2,bhoslib,403,3
c-fat200-2,dimacs,404,8
san200-0-7-2,dimacs,405,3
keller4,dimacs,406,4
frb45-21-4,bhoslib,407,3
hamming8-4,dimacs,408,8
hamming8-4,dimacs,409,8
gen200-p0-9-55,dimacs,410,2
frb50-23-1,bhoslib,411,3
c-fat500-1,dimacs,412,32
hamming8-2,dimacs,413,2
C125-9,dimacs,414,2
C1000-9,dimacs,415,3
p-hat700-3,dimacs,416,4
frb35-17-1,bhoslib,417,4
san200-0-9-3,dimacs,418,2
gen400-p0-9-55,dimacs,419,2
p-hat700-3,dimacs,420,4
p-hat1500-1,dimacs,421,13
johnson8-2-4,dimacs,422,3
frb45-21-5,bhoslib,423,4
johnson32-2-4,dimacs,424,3
frb53-24-5,bhoslib,425,3
frb59-26-1,bhoslib,426,4
san200-0-9-2,dimacs,427,2
frb50-23-2,bhoslib,428,3
keller5,dimacs,429,4
hamming6-2,dimacs,430,2
DSJC1000-5,dimacs,431,6
brock400-2,dimacs,432,3
c-fat500-2,dimacs,433,15
frb35-17-4,bhoslib,434,3
p-hat700-3,dimacs,435,4
johnson8-2-4,dimacs,436,3
san200-0-9-2,dimacs,437,2
san400-0-7-2,dimacs,438,4
MANN-a81,dimacs,439,2
frb30-15-5,bhoslib,440,2
frb50-23-2,bhoslib,441,4
frb30-15-4,bhoslib,442,3
san200-0-7-2,dimacs,443,3
frb30-15-2,bhoslib,444,3
frb35-17-1,bhoslib,445,4
gen400-p0-9-55,dimacs,446,2
gen200-p0-9-44,dimacs,447,2
frb50-23-4,bhoslib,448,4
C125-9,dimacs,449,2
frb53-24-2,bhoslib,450,3
brock200-4,dimacs,451,3
keller4,dimacs,452,4
gen400-p0-9-55,dimacs,453,2
c-fat200-2,dimacs,454,7
brock800-2,dimacs,455,4
C500-9,dimacs,456,2
frb40-19-4,bhoslib,457,3
brock400-4,dimacs,458,3
frb53-24-1,bhoslib,459,3
san200-0-7-1,dimacs,460,3
johnson16-2-4,dimacs,461,3
MANN-a9,dimacs,462,2
frb50-23-5,bhoslib,463,3
gen200-p0-9-55,dimacs,464,2
p-hat300-3,dimacs,465,3
frb100-40,bhoslib,466,3
c-fat200-5,dimacs,467,3
frb45-21-3,bhoslib,468,3
MANN-a27,dimacs,469,2
frb35-17-2,bhoslib,470,3
hamming10-4,dimacs,471,8
frb30-15-3,bhoslib,472,4
san400-0-5-1,dimacs,473,8
san200-0-9-1,dimacs,474,2
frb50-23-3,bhoslib,475,3
frb40-19-1,bhoslib,476,3
frb30-15-4,bhoslib,477,3
frb45-21-3,bhoslib,478,3
frb53-24-1,bhoslib,479,3
hamming6-4,dimacs,480,8
frb50-23-3,bhoslib,481,3
frb45-21-2,bhoslib,482,2
p-hat1500-2,dimacs,483,9
C4000-5,dimacs,484,8
frb50-23-3,bhoslib,485,3
frb40-19-1,bhoslib,486,3
p-hat1500-3,dimacs,487,4
C250-9,dimacs,488,2
johnson8-4-4,dimacs,489,3
C125-9,dimacs,490,2
johnson16-2-4,dimacs,491,3
frb40-19-4,bhoslib,492,3
C4000-5,dimacs,493,8
frb50-23-3,bhoslib,494,3
frb53-24-5,bhoslib,495,3
frb45-21-3,bhoslib,496,3
gen200-p0-9-44,dimacs,497,2
gen400-p0-9-55,dimacs,498,2
C2000-9,dimacs,499,3
MANN-a45,dimacs,500,2
frb35-17-2,bhoslib,501,3
frb50-23-2,bhoslib,502,4
C125-9,dimacs,503,2
frb53-24-2,bhoslib,504,3
san400-0-5-1,dimacs,505,8
p-hat700-1,dimacs,506,11
MANN-a81,dimacs,507,2
p-hat700-2,dimacs,508,5
frb40-19-3,bhoslib,509,3
san200-0-9-2,dimacs,510,2
san200-0-9-2,dimacs,511,2
C500-9,dimacs,512,2
frb59-26-5,bhoslib,513,3
keller5,dimacs,514,4
frb50-23-5,bhoslib,515,3
frb50-23-2,bhoslib,516,4
p-hat300-1,dimacs,517,8
hamming10-4,dimacs,518,8
frb50-23-2,bhoslib,519,4
gen400-p0-9-65,dimacs,520,2
san200-0-7-1,dimacs,521,3
MANN-a81,dimacs,522,2
p-hat300-2,dimacs,523,6
keller5,dimacs,524,4
brock800-2,dimacs,525,4
p-hat1500-2,dimacs,526,9
san200-0-9-1,dimacs,527,2
frb59-26-3,bhoslib,528,3
p-hat1500-1,dimacs,529,13
frb53-24-1,bhoslib,530,3
san400-0-7-2,dimacs,531,4
MANN-a9,dimacs,532,2
p-hat700-3,dimacs,533,4
p-hat700-1,dimacs,534,13
frb30-15-2,bhoslib,535,3
p-hat700-2,dimacs,536,5
frb59-26-2,bhoslib,537,3
frb30-15-1,bhoslib,538,3
c-fat200-5,dimacs,539,3
frb45-21-4,bhoslib,540,3
hamming8-4,dimacs,541,8
MANN-a27,dimacs,542,2
MANN-a45,dimacs,543,2
brock400-2,dimacs,544,3
MANN-a45,dimacs,545,2
san200-0-9-1,dimacs,546,2
frb30-15-5,bhoslib,547,3
keller6,dimacs,548,4
frb100-40,bhoslib,549,3
p-hat300-1,dimacs,550,8
frb40-19-2,bhoslib,551,3
san200-0-9-3,dimacs,552,2
frb50-23-5,bhoslib,553,3
brock400-2,dimacs,554,3
p-hat700-3,dimacs,555,4
p-hat300-2,dimacs,556,5
frb45-21-1,bhoslib,557,3
frb53-24-4,bhoslib,558,3
gen400-p0-9-65,dimacs,559,2
frb35-17-3,bhoslib,560,3
p-hat300-2,dimacs,561,6
hamming6-2,dimacs,562,2
frb35-17-5,bhoslib,563,3
MANN-a9,dimacs,564,2
frb53-24-4,bhoslib,565,3
frb53-24-3,bhoslib,566,3
brock200-4,dimacs,567,3
MANN-a9,dimacs,568,2
johnson16-2-4,dimacs,569,3
brock200-4,dimacs,570,3
C4000-5,dimacs,571,8
brock200-4,dimacs,572,3
frb50-23-1,bhoslib,573,3
brock800-2,dimacs,574,4
frb45-21-4,bhoslib,575,3
c-fat200-5,dimacs,576,3
frb40-19-4,bhoslib,577,4
frb35-17-3,bhoslib,578,3
frb35-17-2,bhoslib,579,3
DSJC500-5,dimacs,580,6
p-hat1500-2,dimacs,581,10
frb30-15-3,bhoslib,582,3
frb35-17-5,bhoslib,583,3
frb30-15-5,bhoslib,584,2
c-fat200-1,dimacs,585,14
brock200-4,dimacs,586,3
frb53-24-4,bhoslib,587,3
c-fat500-2,dimacs,588,16
C2000-5,dimacs,589,7
san1000,dimacs,590,15
frb45-21-2,bhoslib,591,2
brock200-2,dimacs,592,5
MANN-a9,dimacs,593,2
frb35-17-3,bhoslib,594,3
DSJC1000-5,dimacs,595,6
frb30-15-4,bhoslib,596,3
gen400-p0-9-65,dimacs,597,2
brock800-4,dimacs,598,4
san200-0-9-2,dimacs,599,2
san400-0-7-2,dimacs,600,4
frb50-23-4,bhoslib,601,3
hamming6-4,dimacs,602,8
frb59-26-1,bhoslib,603,4
frb30-15-5,bhoslib,604,3
brock200-2,dimacs,605,5
frb40-19-4,bhoslib,606,3
frb50-23-5,bhoslib,607,3
p-hat300-1,dimacs,608,10
c-fat200-1,dimacs,609,15
frb53-24-2,bhoslib,610,3
frb53-24-5,bhoslib,611,3
frb45-21-1,bhoslib,612,3
san400-0-7-1,dimacs,613,3
san400-0-7-3,dimacs,614,4
p-hat300-1,dimacs,615,10
gen400-p0-9-65,dimacs,616,2
brock800-2,dimacs,617,4
johnson32-2-4,dimacs,618,3
johnson8-4-4,dimacs,619,3
hamming8-4,dimacs,620,8
brock400-2,dimacs,621,3
frb50-23-3,bhoslib,622,3
brock800-4,dimacs,623,4
p-hat300-2,dimacs,624,5
frb35-17-4,bhoslib,625,3
p-hat1500-1,dimacs,626,13
c-fat200-1,dimacs,627,14
c-fat200-5,dimacs,628,3
c-fat200-2,dimacs,629,7
hamming6-4,dimacs,630,8
gen400-p0-9-65,dimacs,631,2
frb50-23-1,bhoslib,632,3
johnson16-2-4,dimacs,633,3
MANN-a9,dimacs,634,2
brock200-4,dimacs,635,3
frb59-26-5,bhoslib,636,3
frb59-26-3,bhoslib,637,3
frb59-26-3,bhoslib,638,3
frb40-19-2,bhoslib,639,3
frb45-21-4,bhoslib,640,3
san200-0-7-2,dimacs,641,3
frb30-15-3,bhoslib,642,4
gen400-p0-9-75,dimacs,643,2
hamming6-4,dimacs,644,8
c-fat200-1,dimacs,645,15
p-hat300-2,dimacs,646,6
brock400-4,dimacs,647,3
c-fat500-2,dimacs,648,16
frb53-24-4,bhoslib,649,3
frb50-23-3,bhoslib,650,3
frb45-21-2,bhoslib,651,2
p-hat1500-3,dimacs,652,4
frb30-15-5,bhoslib,653,2
keller5,dimacs,654,4
frb40-19-2,bhoslib,655,3
frb50-23-3,bhoslib,656,3
frb40-19-3,bhoslib,657,3
DSJC500-5,dimacs,658,6
hamming8-2,dimacs,659,2
p-hat1500-2,dimacs,660,10
hamming6-2,dimacs,661,2
frb35-17-3,bhoslib,662,3
C2000-9,dimacs,663,3
frb59-26-3,bhoslib,664,3
hamming6-4,dimacs,665,8
MANN-a9,dimacs,666,2
frb50-23-5,bhoslib,667,3
frb45-21-3,bhoslib,668,3
DSJC500-5,dimacs,669,6
frb40-19-5,bhoslib,670,3
c-fat200-2,dimacs,671,7
johnson32-2-4,dimacs,672,3
frb35-17-1,bhoslib,673,4
frb40-19-2,bhoslib,674,3
brock200-4,dimacs,675,3
frb40-19-4,bhoslib,676,3
hamming8-2,dimacs,677,2
frb30-15-1,bhoslib,678,3
frb53-24-2,bhoslib,679,3
frb59-26-2,bhoslib,680,3
C500-9,dimacs,681,2
DSJC500-5,dimacs,682,6
C4000-5,dimacs,683,8
hamming10-4,dimacs,684,8
johnson32-2-4,dimacs,685,3
p-hat1500-1,dimacs,686,14
p-hat300-1,dimacs,687,8
C4000-5,dimacs,688,8
frb59-26-4,bhoslib,689,3
C250-9,dimacs,690,2
p-hat300-1,dimacs,691,8
frb59-26-5,bhoslib,692,3
gen400-p0-9-55,dimacs,693,2
MANN-a45,dimacs,694,2
frb50-23-1,bhoslib,695,3
C500-9,dimacs,696,2
frb30-15-3,bhoslib,697,3
johnson8-4-4,dimacs,698,3
C125-9,dimacs,699,2
frb45-21-5,bhoslib,700,4
C4000-5,dimacs,701,8
frb35-17-1,bhoslib,702,4
johnson8-4-4,dimacs,703,3
frb35-17-3,bhoslib,704,3
p-hat300-2,dimacs,705,6
frb59-26-4,bhoslib,706,3
hamming8-2,dimacs,707,2
frb30-15-2,bhoslib,708,3
san200-0-7-2,dimacs,709,3
p-hat700-3,dimacs,710,4
c-fat500-2,dimacs,711,14
frb30-15-2,bhoslib,712,3
gen400-p0-9-65,dimacs,713,2
san400-0-5-1,dimacs,714,8
frb30-15-4,bhoslib,715,3
frb50-23-2,bhoslib,716,4
frb45-21-3,bhoslib,717,3
frb50-23-5,bhoslib,718,3
brock800-2,dimacs,719,4
brock200-2,dimacs,720,5
hamming8-4,dimacs,721,8
C2000-9,dimacs,722,3
frb50-23-4,bhoslib,723,3
brock200-2,dimacs,724,5
brock800-2,dimacs,725,4
frb30-15-5,bhoslib,726,3
DSJC500-5,dimacs,727,6
san200-0-9-2,dimacs,728,2
san200-0-9-2,dimacs,729,2
brock200-2,dimacs,730,5
p-hat700-3,dimacs,731,4
san200-0-9-1,dimacs,732,2
keller5,dimacs,733,4
gen400-p0-9-75,dimacs,734,2
brock200-4,dimacs,735,3
C4000-5,dimacs,736,8
johnson8-2-4,dimacs,737,3
frb59-26-4,bhoslib,738,3
c-fat200-5,dimacs,739,3
frb59-26-2,bhoslib,740,3
hamming6-4,dimacs,741,8
hamming6-2,dimacs,742,2
p-hat1500-2,dimacs,743,10
keller6,dimacs,744,4
MANN-a27,dimacs,745,2
frb50-23-4,bhoslib,746,3
frb30-15-1,bhoslib,747,3
hamming10-4,dimacs,748,8
C4000-5,dimacs,749,8
frb45-21-5,bhoslib,750,4
frb35-17-5,bhoslib,751,3
frb50-23-2,bhoslib,752,4
MANN-a27,dimacs,753,2
frb59-26-4,bhoslib,754,3
san200-0-7-1,dimacs,755,2
san200-0-7-2,dimacs,756,3
c-fat200-2,dimacs,757,7
frb59-26-2,bhoslib,758,3
frb53-24-1,bhoslib,759,3
frb45-21-2,bhoslib,760,2
keller4,dimacs,761,4
gen400-p0-9-75,dimacs,762,2
san200-0-9-3,dimacs,763,2
keller6,dimacs,764,4
hamming10-4,dimacs,765,8
hamming6-2,dimacs,766,2
frb40-19-3,bhoslib,767,3
frb100-40,bhoslib,768,3
frb40-19-1,bhoslib,769,3
frb59-26-1,bhoslib,770,4
c-fat200-1,dimacs,771,14
frb30-15-4,bhoslib,772,3
frb53-24-4,bhoslib,773,3
johnson32-2-4,dimacs,774,3
DSJC500-5,dimacs,775,6
johnson32-2-4,dimacs,776,3
san200-0-7-1,dimacs,777,3
C2000-5,dimacs,778,8
p-hat1500-1,dimacs,779,13
frb45-21-1,bhoslib,780,3
frb53-24-5,bhoslib,781,3
frb40-19-1,bhoslib,782,3
frb40-19-1,bhoslib,783,3
gen400-p0-9-55,dimacs,784,2
frb53-24-1,bhoslib,785,3
frb45-21-2,bhoslib,786,2
frb30-15-3,bhoslib,787,4
p-hat300-1,dimacs,788,10
gen400-p0-9-65,dimacs,789,2
c-fat200-5,dimacs,790,3
san400-0-7-2,dimacs,791,4
frb40-19-1,bhoslib,792,3
hamming8-4,dimacs,793,8
DSJC1000-5,dimacs,794,6
frb30-15-2,bhoslib,795,3
c-fat200-2,dimacs,796,7
hamming8-2,dimacs,797,2
gen200-p0-9-44,dimacs,798,2
frb50-23-1,bhoslib,799,3
frb59-26-1,bhoslib,800,4
frb35-17-4,bhoslib,801,3
brock800-4,dimacs,802,4
p-hat300-1,dimacs,803,10
johnson32-2-4,dimacs,804,3
keller4,dimacs,805,4
p-hat700-1,dimacs,806,13
hamming6-4,dimacs,807,8
gen200-p0-9-55,dimacs,808,2
frb59-26-3,bhoslib,809,3
MANN-a81,dimacs,810,2
san1000,dimacs,811,15
p-hat700-3,dimacs,812,4
san400-0-5-1,dimacs,813,9
p-hat300-2,dimacs,814,6
frb45-21-2,bhoslib,815,2
p-hat300-3,dimacs,816,3
brock400-2,dimacs,817,3
p-hat700-3,dimacs,818,4
frb45-21-1,bhoslib,819,3
frb40-19-1,bhoslib,820,3
MANN-a27,dimacs,821,2
frb50-23-5,bhoslib,822,3
gen400-p0-9-75,dimacs,823,2
frb50-23-4,bhoslib,824,4
san400-0-5-1,dimacs,825,9
brock200-2,dimacs,826,5
san1000,dimacs,827,14
hamming10-4,dimacs,828,8
frb45-21-2,bhoslib,829,2
DSJC1000-5,dimacs,830,6
C1000-9,dimacs,831,3
frb59-26-2,bhoslib,832,3
hamming6-2,dimacs,833,2
frb40-19-1,bhoslib,834,3
frb50-23-5,bhoslib,835,3
c-fat500-5,dimacs,836,6
san200-0-9-3,dimacs,837,2
C2000-5,dimacs,838,7
c-fat200-5,dimacs,839,3
MANN-a81,dimacs,840,2
C4000-5,dimacs,841,8
frb45-21-3,bhoslib,842,3
johnson32-2-4,dimacs,843,3
MANN-a27,dimacs,844,2
gen200-p0-9-55,dimacs,845,2
san200-0-7-1,dimacs,846,2
frb50-23-2,bhoslib,847,4
MANN-a45,dimacs,848,2
frb53-24-5,bhoslib,849,3
c-fat500-2,dimacs,850,16
C2000-5,dimacs,851,7
frb59-26-2,bhoslib,852,3
gen400-p0-9-55,dimacs,853,2
frb35-17-1,bhoslib,854,4
san200-0-7-2,dimacs,855,3
frb50-23-2,bhoslib,856,3
hamming6-2,dimacs,857,2
frb53-24-3,bhoslib,858,3
san400-0-7-1,dimacs,859,3
frb50-23-2,bhoslib,860,4
C2000-9,dimacs,861,3
brock200-2,dimacs,862,5
brock400-2,dimacs,863,3
frb30-15-2,bhoslib,864,3
hamming6-4,dimacs,865,8
frb53-24-3,bhoslib,866,3
hamming8-2,dimacs,867,2
brock800-4,dimacs,868,4
C4000-5,dimacs,869,8
frb53-24-5,bhoslib,870,3
frb35-17-4,bhoslib,871,3
frb59-26-5,bhoslib,872,3
brock800-2,dimacs,873,4
p-hat1500-1,dimacs,874,13
san400-0-7-3,dimacs,875,4
frb35-17-2,bhoslib,876,3
frb45-21-5,bhoslib,877,4
johnson32-2-4,dimacs,878,3
san200-0-7-1,dimacs,879,3
gen400-p0-9-55,dimacs,880,2
p-hat700-2,dimacs,881,5
keller6,dimacs,882,4
p-hat1500-1,dimacs,883,13
frb40-19-5,bhoslib,884,3
frb53-24-2,bhoslib,885,3
p-hat300-3,dimacs,886,3
p-hat300-3,dimacs,887,3
frb59-26-4,bhoslib,888,3
gen200-p0-9-55,dimacs,889,2
san200-0-9-2,dimacs,890,2
frb50-23-4,bhoslib,891,4
p-hat700-3,dimacs,892,4
keller5,dimacs,893,4
frb53-24-5,bhoslib,894,3
frb53-24-5,bhoslib,895,3
p-hat300-3,dimacs,896,3
frb50-23-4,bhoslib,897,3
frb35-17-1,bhoslib,898,4
san400-0-5-1,dimacs,899,8
frb45-21-1,bhoslib,900,3
frb40-19-3,bhoslib,901,3
frb45-21-3,bhoslib,902,4
c-fat500-5,dimacs,903,6
san200-0-7-2,dimacs,904,3
frb40-19-1,bhoslib,905,3
frb35-17-4,bhoslib,906,3
frb40-19-2,bhoslib,907,3
brock400-2,dimacs,908,3
frb40-19-3,bhoslib,909,3
p-hat700-1,dimacs,910,11
san400-0-5-1,dimacs,911,9
san400-0-7-3,dimacs,912,4
san200-0-7-1,dimacs,913,2
hamming8-2,dimacs,914,2
hamming8-2,dimacs,915,2
hamming8-2,dimacs,916,2
DSJC1000-5,dimacs,917,6
c-fat500-5,dimacs,918,6
hamming6-2,dimacs,919,2
frb35-17-2,bhoslib,920,3
p-hat300-2,dimacs,921,5
c-fat500-2,dimacs,922,15
hamming8-4,dimacs,923,8
frb35-17-3,bhoslib,924,3
p-hat700-1,dimacs,925,11
johnson8-4-4,dimacs,926,3
C2000-9,dimacs,927,3
brock200-2,dimacs,928,5
frb30-15-4,bhoslib,929,3
frb30-15-3,bhoslib,930,3
frb53-24-2,bhoslib,931,3
frb50-23-5,bhoslib,932,3
C4000-5,dimacs,933,8
frb45-21-5,bhoslib,934,4
brock200-2,dimacs,935,5
frb45-21-4,bhoslib,936,3
MANN-a45,dimacs,937,2
gen400-p0-9-75,dimacs,938,2
frb59-26-2,bhoslib,939,3
frb40-19-5,bhoslib,940,3
C250-9,dimacs,941,2
c-fat200-5,dimacs,942,3
C125-9,dimacs,943,2
frb50-23-3,bhoslib,944,3
c-fat200-2,dimacs,945,6
san200-0-9-1,dimacs,946,2
brock200-4,dimacs,947,3
frb45-21-1,bhoslib,948,3
frb45-21-1,bhoslib,949,3
C125-9,dimacs,950,2
san200-0-9-1,dimacs,951,2
frb53-24-3,bhoslib,952,3
frb50-23-5,bhoslib,953,3
p-hat300-2,dimacs,954,5
brock400-4,dimacs,955,3
frb59-26-3,bhoslib,956,3
C2000-5,dimacs,957,7
frb53-24-1,bhoslib,958,3
frb50-23-5,bhoslib,959,3
frb45-21-3,bhoslib,960,3
c-fat200-5,dimacs,961,3
MANN-a9,dimacs,962,2
frb40-19-4,bhoslib,963,4
johnson32-2-4,dimacs,964,3
frb45-21-5,bhoslib,965,4
san1000,dimacs,966,15
san200-0-9-2,dimacs,967,2
frb59-26-1,bhoslib,968,4
p-hat300-3,dimacs,969,3
san200-0-7-1,dimacs,970,2
brock200-4,dimacs,971,3
brock200-2,dimacs,972,5
frb45-21-5,bhoslib,973,4
frb35-17-1,bhoslib,974,4
keller5,dimacs,975,4
c-fat500-1,dimacs,976,32
johnson32-2-4,dimacs,977,3
brock400-2,dimacs,978,3
keller5,dimacs,979,4
frb35-17-5,bhoslib,980,3
p-hat1500-2,dimacs,981,10
frb59-26-2,bhoslib,982,3
p-hat1500-3,dimacs,983,4
p-hat300-1,dimacs,984,10
C2000-5,dimacs,985,8
frb30-15-3,bhoslib,986,4
frb59-26-5,bhoslib,987,3
c-fat500-2,dimacs,988,16
frb59-26-5,bhoslib,989,3
p-hat700-2,dimacs,990,5
hamming8-4,dimacs,991,8
c-fat200-1,dimacs,992,13
san200-0-9-1,dimacs,993,2
frb30-15-5,bhoslib,994,2
frb100-40,bhoslib,995,3
johnson8-2-4,dimacs,996,3
frb30-15-4,bhoslib,997,3
frb30-15-4,bhoslib,998,3
c-fat200-1,dimacs,999,14
DSJC500-5,dimacs,1000,6
p-hat1500-3,dimacs,1001,4
frb45-21-5,bhoslib,1002,4
c-fat500-5,dimacs,1003,6
frb30-15-4,bhoslib,1004,3
frb40-19-5,bhoslib,1005,3
frb50-23-5,bhoslib,1006,3
frb45-21-2,bhoslib,1007,2
frb53-24-4,bhoslib,1008,3
johnson8-4-4,dimacs,1009,3
c-fat200-5,dimacs,1010,3
p-hat300-2,dimacs,1011,6
frb59-26-4,bhoslib,1012,3
p-hat700-1,dimacs,1013,13
frb59-26-5,bhoslib,1014,3
c-fat500-1,dimacs,1015,31
frb35-17-3,bhoslib,1016,3
C250-9,dimacs,1017,2
C1000-9,dimacs,1018,3
brock800-2,dimacs,1019,4
c-fat200-2,dimacs,1020,7
san400-0-7-2,dimacs,1021,4
frb30-15-5,bhoslib,1022,3
p-hat300-3,dimacs,1023,3
keller4,dimacs,1024,4
C500-9,dimacs,1025,2
frb53-24-4,bhoslib,1026,3
frb30-15-1,bhoslib,1027,3
frb40-19-4,bhoslib,1028,3
c-fat500-1,dimacs,1029,33
gen200-p0-9-55,dimacs,1030,2
san1000,dimacs,1031,15
c-fat200-1,dimacs,1032,14
gen400-p0-9-65,dimacs,1033,2
C500-9,dimacs,1034,2
p-hat300-1,dimacs,1035,10
hamming8-2,dimacs,1036,2
gen200-p0-9-44,dimacs,1037,2
frb30-15-5,bhoslib,1038,3
C500-9,dimacs,1039,2
frb53-24-5,bhoslib,1040,3
C125-9,dimacs,1041,2
frb100-40,bhoslib,1042,3
frb35-17-1,bhoslib,1043,4
frb30-15-4,bhoslib,1044,3
keller4,dimacs,1045,4
frb35-17-2,bhoslib,1046,3
frb35-17-2,bhoslib,1047,3
C2000-9,dimacs,1048,3
san400-0-7-1,dimacs,1049,3
frb45-21-3,bhoslib,1050,3
hamming10-4,dimacs,1051,8
frb45-21-2,bhoslib,1052,2
frb35-17-1,bhoslib,1053,4
MANN-a45,dimacs,1054,2
c-fat500-5,dimacs,1055,6
gen200-p0-9-44,dimacs,1056,2
c-fat500-5,dimacs,1057,6
san400-0-7-2,dimacs,1058,4
p-hat700-1,dimacs,1059,13
frb59-26-1,bhoslib,1060,4
C2000-5,dimacs,1061,7
brock200-2,dimacs,1062,5
keller6,dimacs,1063,4
brock200-2,dimacs,1064,5
C4000-5,dimacs,1065,8
hamming6-4,dimacs,1066,8
frb30-15-1,bhoslib,1067,3
p-hat300-2,dimacs,1068,5
san200-0-7-2,dimacs,1069,3
brock400-2,dimacs,1070,3
hamming6-2,dimacs,1071,2
frb59-26-2,bhoslib,1072,3
frb30-15-4,bhoslib,1073,3
DSJC1000-5,dimacs,1074,6
C2000-9,dimacs,1075,3
frb53-24-3,bhoslib,1076,3
frb50-23-5,bhoslib,1077,3
johnson8-2-4,dimacs,1078,3
MANN-a45,dimacs,1079,2
frb30-15-3,bhoslib,1080,3
san400-0-7-1,dimacs,1081,3
MANN-a45,dimacs,1082,2
c-fat500-2,dimacs,1083,16
san400-0-7-3,dimacs,1084,4
keller5,dimacs,1085,4
brock800-4,dimacs,1086,4
brock400-4,dimacs,1087,3
gen200-p0-9-44,dimacs,1088,2
gen200-p0-9-44,dimacs,1089,2
frb50-23-2,bhoslib,1090,4
C4000-5,dimacs,1091,8
C500-9,dimacs,1092,2
johnson32-2-4,dimacs,1093,3
gen400-p0-9-75,dimacs,1094,2
brock400-4,dimacs,1095,3
DSJC500-5,dimacs,1096,6
C125-9,dimacs,1097,2
frb59-26-3,bhoslib,1098,3
gen400-p0-9-75,dimacs,1099,2
san400-0-7-3,dimacs,1100,4
frb35-17-2,bhoslib,1101,3
gen400-p0-9-55,dimacs,1102,2
DSJC500-5,dimacs,1103,6
gen400-p0-9-65,dimacs,1104,2
brock800-4,dimacs,1105,4
c-fat500-5,dimacs,1106,6
p-hat1500-3,dimacs,1107,4
frb45-21-1,bhoslib,1108,3
c-fat500-1,dimacs,1109,30
frb35-17-3,bhoslib,1110,3
keller5,dimacs,1111,4
san200-0-9-2,dimacs,1112,2
san400-0-7-1,dimacs,1113,3
p-hat1500-2,dimacs,1114,10
frb53-24-4,bhoslib,1115,3
c-fat500-1,dimacs,1116,32
frb50-23-4,bhoslib,1117,4
c-fat200-2,dimacs,1118,7
frb30-15-1,bhoslib,1119,3
p-hat1500-3,dimacs,1120,4
p-hat1500-2,dimacs,1121,9
frb45-21-1,bhoslib,1122,3
frb59-26-5,bhoslib,1123,3
hamming10-4,dimacs,1124,8
san400-0-7-2,dimacs,1125,4
frb30-15-3,bhoslib,1126,3
c-fat200-2,dimacs,1127,8
frb45-21-2,bhoslib,1128,2
san400-0-7-2,dimacs,1129,4
frb59-26-5,bhoslib,1130,3
frb30-15-1,bhoslib,1131,3
keller6,dimacs,1132,4
c-fat200-1,dimacs,1133,14
C4000-5,dimacs,1134,8
c-fat200-1,dimacs,1135,13
c-fat200-2,dimacs,1136,8
p-hat700-3,dimacs,1137,4
gen200-p0-9-44,dimacs,1138,2
C2000-9,dimacs,1139,3
MANN-a45,dimacs,1140,2
frb30-15-5,bhoslib,1141,3
hamming10-4,dimacs,1142,8
frb40-19-3,bhoslib,1143,3
frb35-17-4,bhoslib,1144,3
frb35-17-1,bhoslib,1145,4
frb100-40,bhoslib,1146,3
frb59-26-4,bhoslib,1147,3
hamming6-4,dimacs,1148,8
frb53-24-3,bhoslib,1149,3
frb40-19-1,bhoslib,1150,3
san200-0-9-3,dimacs,1151,2
DSJC500-5,dimacs,1152,6
brock800-2,dimacs,1153,4
frb53-24-1,bhoslib,1154,3
c-fat500-1,dimacs,1155,30
p-hat1500-3,dimacs,1156,4
MANN-a81,dimacs,1157,2
p-hat700-2,dimacs,1158,5
san1000,dimacs,1159,15
frb30-15-2,bhoslib,1160,3
san200-0-9-3,dimacs,1161,2
gen400-p0-9-65,dimacs,1162,2
c-fat200-5,dimacs,1163,3
san200-0-9-1,dimacs,1164,2
san200-0-7-2,dimacs,1165,3
gen400-p0-9-65,dimacs,1166,2
frb59-26-5,bhoslib,1167,3
c-fat500-1,dimacs,1168,33
brock200-4,dimacs,1169,3
p-hat700-2,dimacs,1170,5
MANN-a81,dimacs,1171,2
C125-9,dimacs,1172,2
c-fat500-5,dimacs,1173,6
san400-0-7-1,dimacs,1174,3
san200-0-7-2,dimacs,1175,3
frb40-19-3,bhoslib,1176,3
san200-0-9-3,dimacs,1177,2
C1000-9,dimacs,1178,3
frb40-19-2,bhoslib,1179,3
frb45-21-4,bhoslib,1180,3
johnson32-2-4,dimacs,1181,3
frb53-24-2,bhoslib,1182,3
C1000-9,dimacs,1183,3
frb30-15-4,bhoslib,1184,3
c-fat500-1,dimacs,1185,32
frb35-17-1,bhoslib,1186,4
keller6,dimacs,1187,4
DSJC500-5,dimacs,1188,6
keller4,dimacs,1189,4
frb30-15-2,bhoslib,1190,3
frb59-26-5,bhoslib,1191,3
gen400-p0-9-75,dimacs,1192,2
p-hat1500-2,dimacs,1193,9
c-fat200-2,dimacs,1194,7
frb40-19-5,bhoslib,1195,3
MANN-a81,dimacs,1196,2
frb30-15-1,bhoslib,1197,3
frb59-26-2,bhoslib,1198,3
frb35-17-4,bhoslib,1199,3
p-hat300-2,dimacs,1200,5
san400-0-7-3,dimacs,1201,4
p-hat700-1,dimacs,1202,11
p-hat1500-3,dimacs,1203,4
p-hat300-3,dimacs,1204,3
keller4,dimacs,1205,4
frb45-21-4,bhoslib,1206,3
frb35-17-4,bhoslib,1207,3
san200-0-7-2,dimacs,1208,3
frb40-19-5,bhoslib,1209,3
hamming8-4,dimacs,1210,8
frb59-26-3,bhoslib,1211,3
C250-9,dimacs,1212,2
san400-0-7-3,dimacs,1213,4
p-hat700-3,dimacs,1214,4
frb53-24-4,bhoslib,1215,3
c-fat500-2,dimacs,1216,14
MANN-a81,dimacs,1217,2
frb45-21-2,bhoslib,1218,2
p-hat700-2,dimacs,1219,5
MANN-a27,dimacs,1220,2
C1000-9,dimacs,1221,3
c-fat500-2,dimacs,1222,17
frb50-23-4,bhoslib,1223,3
MANN-a9,dimacs,1224,2
C250-9,dimacs,1225,2
p-hat300-1,dimacs,1226,9
frb53-24-4,bhoslib,1227,3
c-fat200-2,dimacs,1228,7
frb100-40,bhoslib,1229,3
frb35-17-1,bhoslib,1230,4
san400-0-7-2,dimacs,1231,4
gen400-p0-9-75,dimacs,1232,2
frb45-21-4,bhoslib,1233,3
c-fat500-1,dimacs,1234,32
DSJC1000-5,dimacs,1235,6
frb30-15-5,bhoslib,1236,3
san200-0-7-1,dimacs,1237,3
frb35-17-3,bhoslib,1238,3
keller6,dimacs,1239,4
gen400-p0-9-75,dimacs,1240,2
c-fat500-1,dimacs,1241,32
san400-0-7-3,dimacs,1242,4
p-hat300-2,dimacs,1243,5
brock200-2,dimacs,1244,5
hamming10-4,dimacs,1245,8
frb30-15-5,bhoslib,1246,2
frb59-26-1,bhoslib,1247,4
frb40-19-3,bhoslib,1248,3
C2000-9,dimacs,1249,3
frb45-21-1,bhoslib,1250,3
frb45-21-1,bhoslib,1251,3
frb50-23-5,bhoslib,1252,3
C1000-9,dimacs,1253,3
C250-9,dimacs,1254,2
C250-9,dimacs,1255,2
C1000-9,dimacs,1256,3
gen400-p0-9-55,dimacs,1257,2
brock400-2,dimacs,1258,3
p-hat700-3,dimacs,1259,4
san200-0-9-1,dimacs,1260,2
frb35-17-3,bhoslib,1261,3
C125-9,dimacs,1262,2
hamming10-4,dimacs,1263,8
p-hat700-2,dimacs,1264,5
hamming10-4,dimacs,1265,8
frb40-19-4,bhoslib,1266,4
johnson8-4-4,dimacs,1267,3
gen400-p0-9-65,dimacs,1268,2
frb50-23-3,bhoslib,1269,3
frb100-40,bhoslib,1270,3
c-fat500-2,dimacs,1271,16
san200-0-7-1,dimacs,1272,2
p-hat300-1,dimacs,1273,10
frb53-24-5,bhoslib,1274,3
frb40-19-5,bhoslib,1275,3
frb59-26-2,bhoslib,1276,3
frb45-21-5,bhoslib,1277,4
frb40-19-3,bhoslib,1278,3
brock400-2,dimacs,1279,3
frb50-23-4,bhoslib,1280,4
brock200-2,dimacs,1281,5
c-fat500-5,dimacs,1282,6
johnson8-4-4,dimacs,1283,3
frb40-19-5,bhoslib,1284,3
frb59-26-2,bhoslib,1285,3
gen200-p0-9-44,dimacs,1286,2
C500-9,dimacs,1287,2
DSJC1000-5,dimacs,1288,6
C2000-5,dimacs,1289,7
san200-0-9-1,dimacs,1290,2
johnson8-2-4,dimacs,1291,3
c-fat200-5,dimacs,1292,3
frb30-15-1,bhoslib,1293,3
c-fat200-5,dimacs,1294,3
san200-0-7-1,dimacs,1295,2
frb45-21-3,bhoslib,1296,3
keller6,dimacs,1297,4
frb30-15-5,bhoslib,1298,3
frb40-19-1,bhoslib,1299,3
hamming6-2,dimacs,1300,2
hamming6-2,dimacs,1301,2
hamming6-2,dimacs,1302,2
frb40-19-4,bhoslib,1303,3
gen400-p0-9-75,dimacs,1304,2
san1000,dimacs,1305,15
frb30-15-1,bhoslib,1306,3
frb40-19-5,bhoslib,1307,3
frb59-26-5,bhoslib,1308,3
frb50-23-4,bhoslib,1309,4
brock200-2,dimacs,1310,5
MANN-a27,dimacs,1311,2
frb53-24-3,bhoslib,1312,3
c-fat200-2,dimacs,1313,7
c-fat200-2,dimacs,1314,8
gen400-p0-9-55,dimacs,1315,2
p-hat300-3,dimacs,1316,3
frb50-23-4,bhoslib,1317,4
DSJC1000-5,dimacs,1318,6
frb50-23-4,bhoslib,1319,3
frb40-19-3,bhoslib,1320,3
C2000-9,dimacs,1321,3
san400-0-5-1,dimacs,1322,9
hamming10-4,dimacs,1323,8
san200-0-9-1,dimacs,1324,2
frb50-23-2,bhoslib,1325,3
hamming10-4,dimacs,1326,8
frb50-23-4,bhoslib,1327,4
frb50-23-1,bhoslib,1328,3
frb30-15-5,bhoslib,1329,3
frb59-26-3,bhoslib,1330,3
hamming8-2,dimacs,1331,2
p-hat700-1,dimacs,1332,13
frb100-40,bhoslib,1333,3
p-hat300-1,dimacs,1334,10
gen200-p0-9-55,dimacs,1335,2
frb53-24-2,bhoslib,1336,3
C4000-5,dimacs,1337,8
san400-0-7-3,dimacs,1338,4
C2000-9,dimacs,1339,3
frb59-26-1,bhoslib,1340,4
frb40-19-1,bhoslib,1341,3
gen200-p0-9-55,dimacs,1342,2
frb45-21-5,bhoslib,1343,4
frb35-17-4,bhoslib,1344,3
frb53-24-2,bhoslib,1345,3
p-hat1500-2,dimacs,1346,9
C1000-9,dimacs,1347,3
frb40-19-1,bhoslib,1348,3
frb45-21-5,bhoslib,1349,4
frb45-21-1,bhoslib,1350,3
DSJC1000-5,dimacs,1351,6
frb30-15-3,bhoslib,1352,4
san200-0-9-2,dimacs,1353,2
san1000,dimacs,1354,14
frb53-24-1,bhoslib,1355,3
san200-0-9-1,dimacs,1356,2
frb35-17-5,bhoslib,1357,3
keller5,dimacs,1358,4
hamming8-2,dimacs,1359,2
frb35-17-2,bhoslib,1360,3
c-fat200-1,dimacs,1361,14
brock800-2,dimacs,1362,4
C1000-9,dimacs,1363,3
san200-0-9-3,dimacs,1364,2
brock400-4,dimacs,1365,3
C2000-5,dimacs,1366,8
frb59-26-2,bhoslib,1367,3
p-hat700-3,dimacs,1368,4
frb30-15-2,bhoslib,1369,3
frb59-26-2,bhoslib,1370,3
gen400-p0-9-55,dimacs,1371,2
p-hat300-2,dimacs,1372,6
gen400-p0-9-65,dimacs,1373,2
frb40-19-2,bhoslib,1374,3
frb35-17-3,bhoslib,1375,3
DSJC500-5,dimacs,1376,6
johnson32-2-4,dimacs,1377,3
frb50-23-1,bhoslib,1378,3
brock400-4,dimacs,1379,3
san400-0-7-1,dimacs,1380,3
frb53-24-5,bhoslib,1381,3
c-fat200-2,dimacs,1382,7
c-fat500-5,dimacs,1383,6
frb59-26-5,bhoslib,1384,3
p-hat300-1,dimacs,1385,9
johnson8-4-4,dimacs,1386,3
frb59-26-3,bhoslib,1387,3
frb30-15-4,bhoslib,1388,3
keller6,dimacs,1389,4
san200-0-9-3,dimacs,1390,2
p-hat700-1,dimacs,1391,11
frb53-24-5,bhoslib,1392,3
san200-0-7-1,dimacs,1393,3
frb30-15-1,bhoslib,1394,3
gen400-p0-9-65,dimacs,1395,2
san200-0-7-2,dimacs,1396,3
frb35-17-3,bhoslib,1397,3
johnson32-2-4,dimacs,1398,3
p-hat700-3,dimacs,1399,4
MANN-a81,dimacs,1400,2
brock400-2,dimacs,1401,3
brock800-4,dimacs,1402,4
frb40-19-1,bhoslib,1403,3
p-hat300-1,dimacs,1404,8
frb40-19-3,bhoslib,1405,3
MANN-a45,dimacs,1406,2
p-hat300-1,dimacs,1407,8
frb50-23-1,bhoslib,1408,3
frb45-21-3,bhoslib,1409,3
frb45-21-5,bhoslib,1410,4
hamming6-4,dimacs,1411,8
p-hat300-3,dimacs,1412,3
frb100-40,bhoslib,1413,3
brock400-4,dimacs,1414,3
frb50-23-3,bhoslib,1415,3
frb40-19-2,bhoslib,1416,3
C500-9,dimacs,1417,2
brock800-4,dimacs,1418,4
c-fat500-1,dimacs,1419,32
frb50-23-3,bhoslib,1420,3
p-hat300-3,dimacs,1421,3
frb30-15-1,bhoslib,1422,3
johnson16-2-4,dimacs,1423,3
C500-9,dimacs,1424,2
frb53-24-4,bhoslib,1425,3
san200-0-9-3,dimacs,1426,2
p-hat300-2,dimacs,1427,5
brock400-4,dimacs,1428,3
san400-0-5-1,dimacs,1429,8
frb50-23-3,bhoslib,1430,3
frb53-24-4,bhoslib,1431,3
san400-0-7-1,dimacs,1432,3
C4000-5,dimacs,1433,8
hamming10-4,dimacs,1434,8
C250-9,dimacs,1435,2
DSJC500-5,dimacs,1436,5
frb50-23-1,bhoslib,1437,3
frb40-19-2,bhoslib,1438,3
frb35-17-2,bhoslib,1439,4
frb53-24-3,bhoslib,1440,3
frb100-40,bhoslib,1441,3
C500-9,dimacs,1442,2
brock400-4,dimacs,1443,3
p-hat700-2,dimacs,1444,5
MANN-a9,dimacs,1445,2
gen200-p0-9-55,dimacs,1446,2
johnson8-4-4,dimacs,1447,3
frb45-21-5,bhoslib,1448,4
c-fat500-2,dimacs,1449,15
gen400-p0-9-55,dimacs,1450,2
hamming8-2,dimacs,1451,2
gen200-p0-9-55,dimacs,1452,2
frb53-24-4,bhoslib,1453,3
p-hat300-2,dimacs,1454,5
frb35-17-2,bhoslib,1455,3
san400-0-5-1,dimacs,1456,9
keller4,dimacs,1457,4
p-hat700-3,dimacs,1458,4
san400-0-7-3,dimacs,1459,4
frb59-26-1,bhoslib,1460,4
frb45-21-5,bhoslib,1461,4
frb53-24-1,bhoslib,1462,3
p-hat300-3,dimacs,1463,3
johnson8-4-4,dimacs,1464,3
C1000-9,dimacs,1465,3
frb30-15-3,bhoslib,1466,3
p-hat1500-1,dimacs,1467,14
p-hat700-2,dimacs,1468,5
frb30-15-5,bhoslib,1469,3
frb30-15-3,bhoslib,1470,3
frb53-24-3,bhoslib,1471,3
frb45-21-2,bhoslib,1472,2
brock400-2,dimacs,1473,3
C1000-9,dimacs,1474,3
MANN-a27,dimacs,1475,2
san200-0-9-1,dimacs,1476,2
brock800-4,dimacs,1477,4
frb50-23-5,bhoslib,1478,3
hamming8-4,dimacs,1479,8
frb35-17-4,bhoslib,1480,3
frb40-19-2,bhoslib,1481,3
san1000,dimacs,1482,14
frb59-26-4,bhoslib,1483,3
gen200-p0-9-55,dimacs,1484,2
frb59-26-4,bhoslib,1485,3
frb100-40,bhoslib,1486,3
C2000-5,dimacs,1487,7
p-hat1500-1,dimacs,1488,14
p-hat1500-2,dimacs,1489,10
hamming6-4,dimacs,1490,8
keller6,dimacs,1491,4
frb100-40,bhoslib,1492,3
san200-0-7-1,dimacs,1493,2
frb30-15-4,bhoslib,1494,3
frb30-15-4,bhoslib,1495,3
brock400-2,dimacs,1496,3
gen200-p0-9-44,dimacs,1497,2
san400-0-5-1,dimacs,1498,8
frb30-15-4,bhoslib,1499,3
frb40-19-4,bhoslib,1500,3
p-hat300-1,dimacs,1501,8
frb59-26-3,bhoslib,1502,3
frb53-24-4,bhoslib,1503,4
frb30-15-5,bhoslib,1504,3
hamming8-4,dimacs,1505,8
hamming6-4,dimacs,1506,8
gen400-p0-9-65,dimacs,1507,2
frb59-26-3,bhoslib,1508,3
frb50-23-4,bhoslib,1509,4
p-hat300-3,dimacs,1510,3
johnson16-2-4,dimacs,1511,3
hamming10-4,dimacs,1512,8
frb30-15-3,bhoslib,1513,3
p-hat700-3,dimacs,1514,4
p-hat300-2,dimacs,1515,5
san200-0-7-2,dimacs,1516,3
c-fat200-1,dimacs,1517,14
DSJC1000-5,dimacs,1518,6
frb45-21-1,bhoslib,1519,3
san200-0-9-2,dimacs,1520,2
san200-0-9-3,dimacs,1521,2
C125-9,dimacs,1522,2
frb30-15-5,bhoslib,1523,2
brock200-4,dimacs,1524,3
frb50-23-2,bhoslib,1525,4
p-hat300-3,dimacs,1526,3
MANN-a9,dimacs,1527,2
brock200-4,dimacs,1528,3
frb45-21-3,bhoslib,1529,3
p-hat300-2,dimacs,1530,5
frb45-21-2,bhoslib,1531,2
san200-0-7-1,dimacs,1532,3
keller5,dimacs,1533,4
san200-0-9-1,dimacs,1534,2
san1000,dimacs,1535,15
frb40-19-4,bhoslib,1536,4
MANN-a81,dimacs,1537,2
DSJC500-5,dimacs,1538,5
p-hat1500-1,dimacs,1539,14
frb45-21-1,bhoslib,1540,3
gen400-p0-9-55,dimacs,1541,2
gen200-p0-9-55,dimacs,1542,2
gen400-p0-9-75,dimacs,1543,2
frb59-26-5,bhoslib,1544,3
san400-0-7-2,dimacs,1545,4
frb30-15-1,bhoslib,1546,3
san200-0-9-1,dimacs,1547,2
san1000,dimacs,1548,15
frb30-15-5,bhoslib,1549,3
c-fat500-2,dimacs,1550,15
C125-9,dimacs,1551,2
frb53-24-4,bhoslib,1552,3
san200-0-7-1,dimacs,1553,2
p-hat700-1,dimacs,1554,13
keller4,dimacs,1555,4
frb40-19-2,bhoslib,1556,3
frb35-17-3,bhoslib,1557,3
frb30-15-4,bhoslib,1558,3
frb59-26-5,bhoslib,1559,3
C1000-9,dimacs,1560,3
DSJC500-5,dimacs,1561,6
keller4,dimacs,1562,4
frb40-19-2,bhoslib,1563,3
frb100-40,bhoslib,1564,3
frb50-23-3,bhoslib,1565,3
frb45-21-5,bhoslib,1566,4
keller6,dimacs,1567,4
C500-9,dimacs,1568,2
frb40-19-2,bhoslib,1569,3
brock200-4,dimacs,1570,3
frb53-24-3,bhoslib,1571,3
gen400-p0-9-75,dimacs,1572,2
san1000,dimacs,1573,15
frb30-15-4,bhoslib,1574,3
p-hat1500-1,dimacs,1575,13
frb40-19-3,bhoslib,1576,3
c-fat500-5,dimacs,1577,6
DSJC500-5,dimacs,1578,6
frb53-24-3,bhoslib,1579,3
san200-0-7-2,dimacs,1580,3
san400-0-7-3,dimacs,1581,4
frb35-17-3,bhoslib,1582,3
san400-0-7-2,dimacs,1583,4
p-hat1500-3,dimacs,1584,4
frb35-17-4,bhoslib,1585,3
frb35-17-1,bhoslib,1586,4
frb45-21-5,bhoslib,1587,4
C500-9,dimacs,1588,2
C4000-5,dimacs,1589,8
p-hat300-2,dimacs,1590,5
brock400-2,dimacs,1591,3
brock800-4,dimacs,1592,4
frb40-19-3,bhoslib,1593,3
brock800-2,dimacs,1594,4
C1000-9,dimacs,1595,3
frb35-17-4,bhoslib,1596,3
johnson8-2-4,dimacs,1597,3
san200-0-9-3,dimacs,1598,2
c-fat200-2,dimacs,1599,7
frb50-23-5,bhoslib,1600,3
san200-0-7-1,dimacs,1601,3
c-fat200-5,dimacs,1602,3
brock200-4,dimacs,1603,3
frb35-17-3,bhoslib,1604,3
frb45-21-1,bhoslib,1605,3
hamming10-4,dimacs,1606,8
keller6,dimacs,1607,4
C250-9,dimacs,1608,2
frb59-26-3,bhoslib,1609,3
san400-0-7-1,dimacs,1610,3
frb45-21-4,bhoslib,1611,3
frb53-24-3,bhoslib,1612,3
MANN-a9,dimacs,1613,2
frb30-15-1,bhoslib,1614,3
frb50-23-3,bhoslib,1615,3
san200-0-9-1,dimacs,1616,2
frb45-21-4,bhoslib,1617,3
frb40-19-4,bhoslib,1618,3
p-hat300-1,dimacs,1619,8
frb59-26-5,bhoslib,1620,3
c-fat500-1,dimacs,1621,33
gen200-p0-9-44,dimacs,1622,2
frb50-23-1,bhoslib,1623,3
hamming8-4,dimacs,1624,8
gen400-p0-9-75,dimacs,1625,2
san200-0-7-2,dimacs,1626,3
san400-0-5-1,dimacs,1627,8
C125-9,dimacs,1628,2
frb50-23-1,bhoslib,1629,3
keller5,dimacs,1630,4
hamming10-4,dimacs,1631,8
johnson8-4-4,dimacs,1632,3
p-hat300-2,dimacs,1633,5
hamming8-4,dimacs,1634,8
gen400-p0-9-55,dimacs,1635,2
san400-0-7-2,dimacs,1636,4
hamming8-4,dimacs,1637,8
johnson32-2-4,dimacs,1638,3
brock200-2,dimacs,1639,5
hamming10-4,dimacs,1640,8
keller6,dimacs,1641,4
C2000-9,dimacs,1642,3
p-hat1500-3,dimacs,1643,4
frb53-24-5,bhoslib,1644,3
brock200-4,dimacs,1645,3
frb50-23-3,bhoslib,1646,3
frb35-17-3,bhoslib,1647,3
C500-9,dimacs,1648,2
san200-0-9-2,dimacs,1649,2
frb40-19-3,bhoslib,1650,3
frb59-26-3,bhoslib,1651,3
hamming6-4,dimacs,1652,8
c-fat200-2,dimacs,1653,7
p-hat700-3,dimacs,1654,4
frb59-26-2,bhoslib,1655,3
p-hat1500-2,dimacs,1656,10
c-fat500-1,dimacs,1657,32
frb30-15-4,bhoslib,1658,3
hamming8-4,dimacs,1659,8
frb30-15-5,bhoslib,1660,2
san400-0-7-2,dimacs,1661,4
C125-9,dimacs,1662,2
p-hat700-2,dimacs,1663,5
san200-0-9-2,dimacs,1664,2
frb50-23-4,bhoslib,1665,4
frb100-40,bhoslib,1666,3
san400-0-7-1,dimacs,1667,3
brock400-2,dimacs,1668,3
MANN-a45,dimacs,1669,2
san1000,dimacs,1670,17
san200-0-9-2,dimacs,1671,2
frb40-19-5,bhoslib,1672,3
brock200-4,dimacs,1673,3
san400-0-7-2,dimacs,1674,4
p-hat1500-1,dimacs,1675,13
c-fat200-2,dimacs,1676,7
frb50-23-4,bhoslib,1677,4
C2000-9,dimacs,1678,3
frb30-15-5,bhoslib,1679,2
san400-0-7-1,dimacs,1680,3
frb45-21-3,bhoslib,1681,4
C250-9,dimacs,1682,2
frb50-23-5,bhoslib,1683,3
johnson16-2-4,dimacs,1684,3
frb30-15-3,bhoslib,1685,3
frb53-24-1,bhoslib,1686,3
frb59-26-1,bhoslib,1687,4
c-fat500-5,dimacs,1688,6
johnson8-2-4,dimacs,1689,3
frb53-24-1,bhoslib,1690,3
p-hat700-2,dimacs,1691,5
p-hat700-1,dimacs,1692,13
frb45-21-4,bhoslib,1693,3
MANN-a45,dimacs,1694,2
johnson16-2-4,dimacs,1695,3
san400-0-7-2,dimacs,1696,4
C2000-9,dimacs,1697,3
DSJC500-5,dimacs,1698,5
frb35-17-5,bhoslib,1699,3
C125-9,dimacs,1700,2
johnson8-4-4,dimacs,1701,3
frb40-19-3,bhoslib,1702,3
gen400-p0-9-55,dimacs,1703,2
gen400-p0-9-55,dimacs,1704,2
keller5,dimacs,1705,4
C1000-9,dimacs,1706,3
DSJC1000-5,dimacs,1707,6
san200-0-7-2,dimacs,1708,3
hamming6-2,dimacs,1709,2
brock800-2,dimacs,1710,4
gen200-p0-9-55,dimacs,1711,2
frb30-15-3,bhoslib,1712,3
c-fat500-1,dimacs,1713,31
p-hat700-1,dimacs,1714,14
MANN-a9,dimacs,1715,2
frb59-26-2,bhoslib,1716,3
DSJC500-5,dimacs,1717,5
gen200-p0-9-44,dimacs,1718,2
johnson8-4-4,dimacs,1719,3
gen200-p0-9-44,dimacs,1720,2
DSJC500-5,dimacs,1721,5
frb50-23-3,bhoslib,1722,3
frb59-26-1,bhoslib,1723,4
san400-0-7-1,dimacs,1724,3
brock800-2,dimacs,1725,4
MANN-a45,dimacs,1726,2
san400-0-7-2,dimacs,1727,4
san1000,dimacs,1728,18
frb45-21-5,bhoslib,1729,4
gen400-p0-9-75,dimacs,1730,2
frb40-19-1,bhoslib,1731,3
frb45-21-2,bhoslib,1732,2
DSJC1000-5,dimacs,1733,6
san200-0-7-1,dimacs,1734,2
p-hat1500-3,dimacs,1735,4
MANN-a81,dimacs,1736,2
san200-0-9-1,dimacs,1737,2
frb35-17-2,bhoslib,1738,3
gen200-p0-9-44,dimacs,1739,2
C4000-5,dimacs,1740,8
C4000-5,dimacs,1741,8
johnson8-4-4,dimacs,1742,3
MANN-a27,dimacs,1743,2
c-fat500-2,dimacs,1744,16
san200-0-7-1,dimacs,1745,2
keller6,dimacs,1746,4
c-fat500-5,dimacs,1747,6
san400-0-7-2,dimacs,1748,4
MANN-a81,dimacs,1749,2
MANN-a81,dimacs,1750,2
frb59-26-5,bhoslib,1751,3
frb35-17-4,bhoslib,1752,3
p-hat1500-1,dimacs,1753,13
gen200-p0-9-44,dimacs,1754,2
johnson8-2-4,dimacs,1755,3
frb35-17-4,bhoslib,1756,3
frb30-15-3,bhoslib,1757,4
frb40-19-4,bhoslib,1758,3
c-fat200-2,dimacs,1759,7
frb59-26-5,bhoslib,1760,3
frb35-17-5,bhoslib,1761,3
frb30-15-4,bhoslib,1762,3
C2000-9,dimacs,1763,3
p-hat700-1,dimacs,1764,13
MANN-a9,dimacs,1765,2
gen200-p0-9-55,dimacs,1766,2
frb30-15-4,bhoslib,1767,3
brock200-4,dimacs,1768,3
johnson32-2-4,dimacs,1769,3
p-hat700-1,dimacs,1770,14
C125-9,dimacs,1771,2
san200-0-9-2,dimacs,1772,2
p-hat300-2,dimacs,1773,5
johnson16-2-4,dimacs,1774,3
san1000,dimacs,1775,14
frb50-23-1,bhoslib,1776,3
frb35-17-5,bhoslib,1777,3
san1000,dimacs,1778,15
frb53-24-1,bhoslib,1779,3
frb30-15-2,bhoslib,1780,3
p-hat1500-2,dimacs,1781,10
frb35-17-3,bhoslib,1782,3
johnson32-2-4,dimacs,1783,3
brock400-2,dimacs,1784,3
p-hat300-3,dimacs,1785,3
C500-9,dimacs,1786,2
frb45-21-2,bhoslib,1787,2
brock400-2,dimacs,1788,3
C4000-5,dimacs,1789,8
C250-9,dimacs,1790,2
frb59-26-4,bhoslib,1791,3
san400-0-7-1,dimacs,1792,3
c-fat200-1,dimacs,1793,13
brock200-2,dimacs,1794,5
san200-0-9-2,dimacs,1795,2
MANN-a27,dimacs,1796,2
MANN-a45,dimacs,1797,2
keller6,dimacs,1798,4
gen400-p0-9-55,dimacs,1799,2
hamming10-4,dimacs,1800,8
frb50-23-1,bhoslib,1801,3
brock200-2,dimacs,1802,5
brock400-2,dimacs,1803,3
c-fat200-1,dimacs,1804,15
p-hat700-2,dimacs,1805,5
frb59-26-3,bhoslib,1806,3
brock400-2,dimacs,1807,3
C1000-9,dimacs,1808,3
keller4,dimacs,1809,4
frb53-24-1,bhoslib,1810,3
san200-0-9-1,dimacs,1811,2
frb35-17-2,bhoslib,1812,3
C125-9,dimacs,1813,2
MANN-a45,dimacs,1814,2
san200-0-9-2,dimacs,1815,2
frb30-15-2,bhoslib,1816,3
frb40-19-1,bhoslib,1817,3
p-hat300-2,dimacs,1818,5
frb35-17-2,bhoslib,1819,3
frb50-23-3,bhoslib,1820,3
frb50-23-4,bhoslib,1821,3
p-hat700-2,dimacs,1822,5
p-hat1500-1,dimacs,1823,13
frb53-24-1,bhoslib,1824,3
DSJC500-5,dimacs,1825,5
frb45-21-3,bhoslib,1826,3
san200-0-9-3,dimacs,1827,2
frb50-23-2,bhoslib,1828,3
frb40-19-2,bhoslib,1829,3
brock200-2,dimacs,1830,5
frb59-26-3,bhoslib,1831,3
c-fat200-5,dimacs,1832,3
johnson16-2-4,dimacs,1833,3
san400-0-5-1,dimacs,1834,8
gen200-p0-9-55,dimacs,1835,2
gen400-p0-9-75,dimacs,1836,2
p-hat300-2,dimacs,1837,5
san400-0-7-2,dimacs,1838,4
frb35-17-5,bhoslib,1839,3
frb53-24-3,bhoslib,1840,3
C2000-9,dimacs,1841,3
frb50-23-3,bhoslib,1842,3
san200-0-9-1,dimacs,1843,2
keller4,dimacs,1844,4
DSJC1000-5,dimacs,1845,6
frb45-21-2,bhoslib,1846,2
frb35-17-5,bhoslib,1847,3
frb59-26-5,bhoslib,1848,3
frb53-24-2,bhoslib,1849,3
san400-0-7-1,dimacs,1850,3
c-fat500-2,dimacs,1851,17
frb53-24-5,bhoslib,1852,3
p-hat700-2,dimacs,1853,5
frb45-21-1,bhoslib,1854,3
c-fat500-5,dimacs,1855,6
san200-0-7-2,dimacs,1856,3
frb59-26-4,bhoslib,1857,3
hamming8-2,dimacs,1858,2
frb50-23-4,bhoslib,1859,4
frb53-24-3,bhoslib,1860,3
frb59-26-1,bhoslib,1861,4
p-hat300-2,dimacs,1862,6
frb53-24-4,bhoslib,1863,3
C1000-9,dimacs,1864,3
frb59-26-1,bhoslib,1865,4
C500-9,dimacs,1866,2
frb40-19-1,bhoslib,1867,3
frb53-24-4,bhoslib,1868,3
p-hat1500-1,dimacs,1869,14
C125-9,dimacs,1870,2
c-fat200-5,dimacs,1871,3
keller4,dimacs,1872,4
frb45-21-4,bhoslib,1873,3
gen200-p0-9-44,dimacs,1874,2
frb35-17-5,bhoslib,1875,3
frb45-21-1,bhoslib,1876,3
gen400-p0-9-75,dimacs,1877,2
brock400-2,dimacs,1878,3
hamming6-4,dimacs,1879,8
MANN-a9,dimacs,1880,2
c-fat500-2,dimacs,1881,14
c-fat500-2,dimacs,1882,16
MANN-a45,dimacs,1883,2
hamming8-4,dimacs,1884,8
frb40-19-5,bhoslib,1885,3
san400-0-7-2,dimacs,1886,4
frb59-26-3,bhoslib,1887,3
frb35-17-1,bhoslib,1888,4
p-hat1500-1,dimacs,1889,14
brock400-4,dimacs,1890,3
frb35-17-5,bhoslib,1891,3
san200-0-9-2,dimacs,1892,2
p-hat1500-3,dimacs,1893,4
frb59-26-4,bhoslib,1894,3
p-hat300-1,dimacs,1895,8
frb50-23-1,bhoslib,1896,3
hamming6-2,dimacs,1897,2
johnson16-2-4,dimacs,1898,3
san200-0-9-2,dimacs,1899,2
frb53-24-5,bhoslib,1900,3
keller4,dimacs,1901,4
frb59-26-4,bhoslib,1902,3
MANN-a27,dimacs,1903,2
frb40-19-2,bhoslib,1904,3
C250-9,dimacs,1905,2
frb45-21-3,bhoslib,1906,3
frb40-19-5,bhoslib,1907,3
c-fat500-1,dimacs,1908,31
C4000-5,dimacs,1909,8
san400-0-7-2,dimacs,1910,4
brock200-2,dimacs,1911,5
san200-0-9-2,dimacs,1912,2
p-hat1500-2,dimacs,1913,9
johnson8-4-4,dimacs,1914,3
frb35-17-2,bhoslib,1915,4
DSJC1000-5,dimacs,1916,6
p-hat1500-2,dimacs,1917,10
gen400-p0-9-65,dimacs,1918,2
frb53-24-5,bhoslib,1919,3
frb40-19-5,bhoslib,1920,3
frb59-26-2,bhoslib,1921,3
keller5,dimacs,1922,4
frb45-21-1,bhoslib,1923,3
DSJC1000-5,dimacs,1924,6
frb50-23-5,bhoslib,1925,3
frb40-19-3,bhoslib,1926,3
C125-9,dimacs,1927,2
C1000-9,dimacs,1928,3
p-hat700-3,dimacs,1929,4
C2000-9,dimacs,1930,3
frb53-24-5,bhoslib,1931,3
keller4,dimacs,1932,4
frb59-26-1,bhoslib,1933,4
frb59-26-5,bhoslib,1934,3
frb50-23-2,bhoslib,1935,4
MANN-a81,dimacs,1936,2
frb45-21-3,bhoslib,1937,3
frb40-19-5,bhoslib,1938,3
frb50-23-2,bhoslib,1939,4
hamming8-2,dimacs,1940,2
frb50-23-5,bhoslib,1941,3
frb40-19-1,bhoslib,1942,3
keller5,dimacs,1943,4
frb30-15-1,bhoslib,1944,3
C250-9,dimacs,1945,2
san400-0-5-1,dimacs,1946,8
frb50-23-3,bhoslib,1947,3
gen200-p0-9-44,dimacs,1948,2
frb53-24-2,bhoslib,1949,3
MANN-a9,dimacs,1950,2
frb53-24-4,bhoslib,1951,3
keller5,dimacs,1952,4
MANN-a27,dimacs,1953,2
C2000-5,dimacs,1954,7
c-fat200-5,dimacs,1955,3
frb45-21-4,bhoslib,1956,3
frb45-21-4,bhoslib,1957,3
frb30-15-3,bhoslib,1958,3
frb45-21-3,bhoslib,1959,3
frb30-15-2,bhoslib,1960,3
frb45-21-4,bhoslib,1961,3
hamming10-4,dimacs,1962,8
C2000-5,dimacs,1963,8
brock200-4,dimacs,1964,3
frb45-21-4,bhoslib,1965,3
p-hat1500-1,dimacs,1966,14
frb45-21-2,bhoslib,1967,2
p-hat700-3,dimacs,1968,4
frb53-24-3,bhoslib,1969,3
frb45-21-2,bhoslib,1970,2
frb50-23-4,bhoslib,1971,4
MANN-a27,dimacs,1972,2
C2000-5,dimacs,1973,8
johnson16-2-4,dimacs,1974,3
brock800-2,dimacs,1975,4
c-fat200-2,dimacs,1976,7
frb50-23-3,bhoslib,1977,3
johnson8-4-4,dimacs,1978,3
frb50-23-2,bhoslib,1979,3
johnson8-2-4,dimacs,1980,3
hamming8-2,dimacs,1981,2
brock800-2,dimacs,1982,4
C500-9,dimacs,1983,2
keller6,dimacs,1984,4
hamming8-2,dimacs,1985,2
p-hat700-2,dimacs,1986,5
brock800-4,dimacs,1987,4
p-hat300-3,dimacs,1988,3
c-fat200-5,dimacs,1989,3
frb30-15-2,bhoslib,1990,3
C500-9,dimacs,1991,2
frb35-17-2,bhoslib,1992,3
san400-0-5-1,dimacs,1993,8
C250-9,dimacs,1994,2
frb53-24-2,bhoslib,1995,3
C2000-5,dimacs,1996,8
frb53-24-2,bhoslib,1997,3
C4000-5,dimacs,1998,8
johnson16-2-4,dimacs,1999,3
p-hat300-2,dimacs,2000,5
c-fat500-1,dimacs,2001,32
gen400-p0-9-65,dimacs,2002,2
hamming10-4,dimacs,2003,8
gen400-p0-9-65,dimacs,2004,2
frb40-19-4,bhoslib,2005,3
frb45-21-5,bhoslib,2006,4
gen200-p0-9-44,dimacs,2007,2
gen400-p0-9-65,dimacs,2008,2
johnson32-2-4,dimacs,2009,3
frb40-19-1,bhoslib,2010,3
frb35-17-5,bhoslib,2011,3
brock400-2,dimacs,2012,3
hamming10-4,dimacs,2013,8
hamming8-4,dimacs,2014,8
DSJC1000-5,dimacs,2015,6
keller4,dimacs,2016,4
hamming6-4,dimacs,2017,8
johnson32-2-4,dimacs,2018,3
C250-9,dimacs,2019,2
frb59-26-3,bhoslib,2020,3
san200-0-9-2,dimacs,2021,2
frb50-23-3,bhoslib,2022,3
DSJC500-5,dimacs,2023,5
san200-0-7-1,dimacs,2024,2
frb59-26-4,bhoslib,2025,3
gen400-p0-9-75,dimacs,2026,2
C125-9,dimacs,2027,2
p-hat1500-1,dimacs,2028,14
hamming6-4,dimacs,2029,8
frb59-26-3,bhoslib,2030,3
C1000-9,dimacs,2031,3
frb53-24-5,bhoslib,2032,3
johnson8-4-4,dimacs,2033,3
san200-0-7-1,dimacs,2034,2
johnson8-4-4,dimacs,2035,3
frb35-17-3,bhoslib,2036,3
san400-0-7-3,dimacs,2037,4
frb35-17-3,bhoslib,2038,3
C2000-9,dimacs,2039,3
C4000-5,dimacs,2040,8
p-hat1500-3,dimacs,2041,4
frb50-23-3,bhoslib,2042,3
frb59-26-3,bhoslib,2043,3
gen200-p0-9-44,dimacs,2044,2
san200-0-9-1,dimacs,2045,2
gen200-p0-9-44,dimacs,2046,2
frb40-19-4,bhoslib,2047,3
MANN-a81,dimacs,2048,2
C250-9,dimacs,2049,2
p-hat300-2,dimacs,2050,5
frb59-26-2,bhoslib,2051,3
c-fat500-5,dimacs,2052,6
MANN-a9,dimacs,2053,2
gen200-p0-9-44,dimacs,2054,2
frb59-26-1,bhoslib,2055,4
san400-0-7-2,dimacs,2056,4
frb50-23-4,bhoslib,2057,4
frb50-23-1,bhoslib,2058,3
frb50-23-1,bhoslib,2059,3
san200-0-7-2,dimacs,2060,3
brock200-4,dimacs,2061,3
brock800-4,dimacs,2062,4
c-fat500-5,dimacs,2063,6
p-hat1500-2,dimacs,2064,10
MANN-a81,dimacs,2065,2
frb35-17-1,bhoslib,2066,4
frb53-24-3,bhoslib,2067,3
hamming8-4,dimacs,2068,8
brock400-4,dimacs,2069,3
frb59-26-5,bhoslib,2070,3
hamming8-2,dimacs,2071,2
frb45-21-3,bhoslib,2072,3
c-fat200-1,dimacs,2073,14
c-fat200-1,dimacs,2074,16
frb45-21-1,bhoslib,2075,3
frb35-17-1,bhoslib,2076,4
frb53-24-1,bhoslib,2077,3
frb53-24-2,bhoslib,2078,3
frb30-15-1,bhoslib,2079,3
p-hat1500-2,dimacs,2080,10
frb35-17-1,bhoslib,2081,4
gen200-p0-9-44,dimacs,2082,2
p-hat300-3,dimacs,2083,3
frb53-24-3,bhoslib,2084,3
brock800-2,dimacs,2085,4
brock800-4,dimacs,2086,4
p-hat1500-3,dimacs,2087,4
frb53-24-1,bhoslib,2088,3
frb53-24-4,bhoslib,2089,3
MANN-a81,dimacs,2090,2
frb35-17-4,bhoslib,2091,3
C2000-9,dimacs,2092,3
frb45-21-4,bhoslib,2093,3
c-fat200-5,dimacs,2094,3
hamming6-2,dimacs,2095,2
c-fat200-5,dimacs,2096,3
frb53-24-4,bhoslib,2097,3
frb53-24-2,bhoslib,2098,3
frb53-24-5,bhoslib,2099,3
johnson8-4-4,dimacs,2100,3
c-fat500-2,dimacs,2101,15
keller5,dimacs,2102,4
frb59-26-2,bhoslib,2103,3
C2000-5,dimacs,2104,8
c-fat200-2,dimacs,2105,8
johnson8-2-4,dimacs,2106,3
frb59-26-5,bhoslib,2107,3
san1000,dimacs,2108,15
frb35-17-2,bhoslib,2109,3
brock200-4,dimacs,2110,3
frb40-19-2,bhoslib,2111,3
frb53-24-5,bhoslib,2112,3
johnson32-2-4,dimacs,2113,3
p-hat300-3,dimacs,2114,3
frb40-19-4,bhoslib,2115,3
DSJC1000-5,dimacs,2116,6
gen400-p0-9-75,dimacs,2117,2
frb53-24-1,bhoslib,2118,3
frb45-21-1,bhoslib,2119,3
hamming6-2,dimacs,2120,2
p-hat1500-3,dimacs,2121,4
frb45-21-3,bhoslib,2122,3
MANN-a9,dimacs,2123,2
brock400-4,dimacs,2124,3
frb59-26-4,bhoslib,2125,3
frb50-23-2,bhoslib,2126,3
frb59-26-1,bhoslib,2127,4
frb40-19-3,bhoslib,2128,3
frb53-24-5,bhoslib,2129,3
brock800-4,dimacs,2130,4
hamming6-2,dimacs,2131,2
p-hat1500-2,dimacs,2132,10
san400-0-7-3,dimacs,2133,4
frb53-24-1,bhoslib,2134,3
MANN-a45,dimacs,2135,2
gen200-p0-9-44,dimacs,2136,2
frb45-21-3,bhoslib,2137,3
brock400-2,dimacs,2138,3
p-hat700-2,dimacs,2139,5
keller4,dimacs,2140,4
p-hat300-1,dimacs,2141,9
frb50-23-4,bhoslib,2142,3
frb59-26-4,bhoslib,2143,3
hamming8-2,dimacs,2144,2
frb59-26-2,bhoslib,2145,3
MANN-a27,dimacs,2146,2
frb40-19-4,bhoslib,2147,4
frb53-24-2,bhoslib,2148,3
san1000,dimacs,2149,14
san200-0-7-1,dimacs,2150,3
c-fat200-1,dimacs,2151,14
frb35-17-2,bhoslib,2152,3
frb35-17-1,bhoslib,2153,4
san200-0-7-2,dimacs,2154,3
c-fat200-1,dimacs,2155,15
c-fat200-1,dimacs,2156,15
C4000-5,dimacs,2157,8
brock800-2,dimacs,2158,4
frb35-17-3,bhoslib,2159,3
hamming8-2,dimacs,2160,2
frb40-19-1,bhoslib,2161,3
p-hat700-2,dimacs,2162,5
p-hat300-3,dimacs,2163,3
frb53-24-5,bhoslib,2164,3
frb30-15-5,bhoslib,2165,3
MANN-a81,dimacs,2166,2
c-fat200-5,dimacs,2167,3
frb50-23-5,bhoslib,2168,3
johnson16-2-4,dimacs,2169,3
frb40-19-4,bhoslib,2170,4
brock800-4,dimacs,2171,4
brock400-2,dimacs,2172,3
san200-0-9-1,dimacs,2173,2
frb53-24-1,bhoslib,2174,3
frb50-23-3,bhoslib,2175,3
p-hat300-3,dimacs,2176,3
frb59-26-3,bhoslib,2177,3
c-fat500-2,dimacs,2178,16
hamming10-4,dimacs,2179,8
p-hat300-3,dimacs,2180,3
gen400-p0-9-65,dimacs,2181,2
frb45-21-3,bhoslib,2182,3
frb40-19-4,bhoslib,2183,3
frb35-17-5,bhoslib,2184,3
san200-0-9-3,dimacs,2185,2
san400-0-7-2,dimacs,2186,4
MANN-a45,dimacs,2187,2
keller4,dimacs,2188,4
keller4,dimacs,2189,4
brock200-2,dimacs,2190,5
frb50-23-2,bhoslib,2191,3
p-hat700-3,dimacs,2192,4
brock400-4,dimacs,2193,3
frb50-23-4,bhoslib,2194,4
frb45-21-4,bhoslib,2195,3
C1000-9,dimacs,2196,3
frb30-15-5,bhoslib,2197,3
frb100-40,bhoslib,2198,3
johnson16-2-4,dimacs,2199,3
c-fat200-2,dimacs,2200,7
hamming8-2,dimacs,2201,2
frb40-19-5,bhoslib,2202,3
frb53-24-3,bhoslib,2203,3
frb35-17-2,bhoslib,2204,3
p-hat700-1,dimacs,2205,11
hamming6-2,dimacs,2206,2
frb40-19-4,bhoslib,2207,4
frb35-17-5,bhoslib,2208,3
C2000-5,dimacs,2209,8
frb40-19-3,bhoslib,2210,3
frb45-21-2,bhoslib,2211,2
frb40-19-5,bhoslib,2212,3
c-fat500-1,dimacs,2213,33
p-hat1500-1,dimacs,2214,13
johnson8-2-4,dimacs,2215,3
frb53-24-1,bhoslib,2216,3
C250-9,dimacs,2217,2
frb30-15-3,bhoslib,2218,3
san400-0-5-1,dimacs,2219,8
MANN-a81,dimacs,2220,2
frb30-15-3,bhoslib,2221,4
frb35-17-4,bhoslib,2222,3
frb30-15-5,bhoslib,2223,2
brock400-4,dimacs,2224,3
frb50-23-2,bhoslib,2225,3
p-hat700-2,dimacs,2226,5
frb40-19-2,bhoslib,2227,3
frb35-17-1,bhoslib,2228,4
johnson8-2-4,dimacs,2229,3
frb59-26-5,bhoslib,2230,3
gen400-p0-9-75,dimacs,2231,2
C500-9,dimacs,2232,2
hamming8-2,dimacs,2233,2
hamming6-4,dimacs,2234,8
frb40-19-2,bhoslib,2235,3
san200-0-9-3,dimacs,2236,2
DSJC1000-5,dimacs,2237,6
frb35-17-2,bhoslib,2238,3
frb53-24-2,bhoslib,2239,3
frb30-15-3,bhoslib,2240,3
gen200-p0-9-44,dimacs,2241,2
frb59-26-3,bhoslib,2242,3
p-hat300-1,dimacs,2243,10
frb40-19-2,bhoslib,2244,3
frb40-19-2,bhoslib,2245,3
hamming8-2,dimacs,2246,2
p-hat1500-3,dimacs,2247,4
C2000-5,dimacs,2248,8
san200-0-7-2,dimacs,2249,3
DSJC500-5,dimacs,2250,6
frb40-19-5,bhoslib,2251,3
frb50-23-4,bhoslib,2252,4
brock800-4,dimacs,2253,4
san400-0-7-3,dimacs,2254,4
keller6,dimacs,2255,4
frb59-26-4,bhoslib,2256,3
gen400-p0-9-55,dimacs,2257,2
frb50-23-5,bhoslib,2258,3
johnson8-2-4,dimacs,2259,3
c-fat500-5,dimacs,2260,6
p-hat1500-2,dimacs,2261,10
c-fat200-1,dimacs,2262,14
brock800-4,dimacs,2263,4
brock200-2,dimacs,2264,5
C2000-5,dimacs,2265,8
brock800-4,dimacs,2266,4
frb100-40,bhoslib,2267,3
c-fat200-1,dimacs,2268,14
hamming10-4,dimacs,2269,8
frb45-21-4,bhoslib,2270,3
frb35-17-5,bhoslib,2271,3
johnson8-4-4,dimacs,2272,3
frb30-15-4,bhoslib,2273,3
san400-0-7-3,dimacs,2274,4
C2000-5,dimacs,2275,8
p-hat700-3,dimacs,2276,4
frb30-15-3,bhoslib,2277,3
frb53-24-2,bhoslib,2278,3
p-hat1500-3,dimacs,2279,4
brock400-4,dimacs,2280,3
frb30-15-1,bhoslib,2281,3
hamming8-4,dimacs,2282,8
frb35-17-1,bhoslib,2283,4
frb35-17-4,bhoslib,2284,3
gen200-p0-9-55,dimacs,2285,2
frb59-26-4,bhoslib,2286,3
frb40-19-5,bhoslib,2287,3
brock800-2,dimacs,2288,4
frb100-40,bhoslib,2289,3
c-fat200-5,dimacs,2290,3
c-fat200-5,dimacs,2291,3
brock800-2,dimacs,2292,4
brock800-4,dimacs,2293,4
san200-0-9-3,dimacs,2294,2
frb59-26-1,bhoslib,2295,4
p-hat1500-1,dimacs,2296,14
brock400-4,dimacs,2297,3
c-fat500-5,dimacs,2298,6
c-fat200-5,dimacs,2299,3
p-hat1500-2,dimacs,2300,9
brock800-2,dimacs,2301,4
frb59-26-3,bhoslib,2302,3
c-fat200-5,dimacs,2303,3
c-fat500-5,dimacs,2304,6
p-hat300-1,dimacs,2305,10
gen400-p0-9-75,dimacs,2306,2
frb53-24-3,bhoslib,2307,3
frb50-23-2,bhoslib,2308,4
C250-9,dimacs,2309,2
johnson16-2-4,dimacs,2310,3
MANN-a27,dimacs,2311,2
johnson8-2-4,dimacs,2312,3
johnson16-2-4,dimacs,2313,3
frb53-24-3,bhoslib,2314,3
DSJC500-5,dimacs,2315,6
MANN-a27,dimacs,2316,2
san1000,dimacs,2317,15
p-hat1500-3,dimacs,2318,4
C1000-9,dimacs,2319,3
C4000-5,dimacs,2320,8
san1000,dimacs,2321,15
keller6,dimacs,2322,4
frb50-23-2,bhoslib,2323,4
p-hat1500-1,dimacs,2324,13
san200-0-9-1,dimacs,2325,2
san200-0-7-1,dimacs,2326,2
frb59-26-4,bhoslib,2327,3
c-fat500-5,dimacs,2328,6
frb53-24-4,bhoslib,2329,3
frb50-23-2,bhoslib,2330,4
C250-9,dimacs,2331,2
hamming6-4,dimacs,2332,8
DSJC1000-5,dimacs,2333,6
p-hat300-3,dimacs,2334,3
brock800-4,dimacs,2335,4
p-hat1500-3,dimacs,2336,4
C125-9,dimacs,2337,2
san200-0-9-3,dimacs,2338,2
san200-0-7-1,dimacs,2339,2
gen400-p0-9-65,dimacs,2340,2
DSJC1000-5,dimacs,2341,6
frb50-23-1,bhoslib,2342,3
gen200-p0-9-55,dimacs,2343,2
frb30-15-3,bhoslib,2344,3
frb35-17-5,bhoslib,2345,3
frb59-26-3,bhoslib,2346,3
MANN-a9,dimacs,2347,2
frb59-26-1,bhoslib,2348,4
san200-0-9-3,dimacs,2349,2
p-hat700-3,dimacs,2350,4
c-fat500-2,dimacs,2351,15
frb45-21-5,bhoslib,2352,4
p-hat700-1,dimacs,2353,11
johnson8-2-4,dimacs,2354,3
frb40-19-5,bhoslib,2355,3
san400-0-7-1,dimacs,2356,3
san1000,dimacs,2357,18
frb59-26-3,bhoslib,2358,3
frb35-17-3,bhoslib,2359,3
frb50-23-3,bhoslib,2360,3
c-fat200-1,dimacs,2361,15
C125-9,dimacs,2362,2
frb40-19-3,bhoslib,2363,3
frb59-26-1,bhoslib,2364,4
frb40-19-5,bhoslib,2365,3
frb35-17-2,bhoslib,2366,4
frb30-15-4,bhoslib,2367,3
frb40-19-3,bhoslib,2368,3
frb59-26-5,bhoslib,2369,3
C1000-9,dimacs,2370,3
frb35-17-3,bhoslib,2371,3
san400-0-7-1,dimacs,2372,3
frb59-26-2,bhoslib,2373,3
san200-0-9-2,dimacs,2374,2
hamming6-4,dimacs,2375,8
p-hat1500-2,dimacs,2376,10
frb45-21-3,bhoslib,2377,4
frb53-24-4,bhoslib,2378,3
frb35-17-3,bhoslib,2379,3
frb45-21-2,bhoslib,2380,2
frb40-19-5,bhoslib,2381,3
frb45-21-2,bhoslib,2382,2
frb53-24-2,bhoslib,2383,3
p-hat1500-2,dimacs,2384,9
hamming8-4,dimacs,2385,8
frb53-24-2,bhoslib,2386,3
p-hat1500-2,dimacs,2387,9
san200-0-7-2,dimacs,2388,3
san400-0-5-1,dimacs,2389,9
johnson8-2-4,dimacs,2390,3
frb59-26-1,bhoslib,2391,4
gen400-p0-9-55,dimacs,2392,2
san400-0-7-1,dimacs,2393,3
keller6,dimacs,2394,4
p-hat700-3,dimacs,2395,4
frb30-15-2,bhoslib,2396,3
frb30-15-4,bhoslib,2397,3
san400-0-7-3,dimacs,2398,4
C125-9,dimacs,2399,2
hamming6-4,dimacs,2400,8
p-hat700-3,dimacs,2401,4
DSJC1000-5,dimacs,2402,6
frb53-24-2,bhoslib,2403,3
johnson32-2-4,dimacs,2404,3
frb30-15-2,bhoslib,2405,3
frb59-26-5,bhoslib,2406,3
MANN-a27,dimacs,2407,2
c-fat200-1,dimacs,2408,16
frb100-40,bhoslib,2409,3
hamming8-4,dimacs,2410,8
brock400-2,dimacs,2411,3
san400-0-7-3,dimacs,2412,4
gen200-p0-9-44,dimacs,2413,2
p-hat1500-2,dimacs,2414,10
frb30-15-2,bhoslib,2415,3
san1000,dimacs,2416,15
hamming6-2,dimacs,2417,2
C2000-5,dimacs,2418,7
frb30-15-2,bhoslib,2419,3
p-hat300-1,dimacs,2420,9
san400-0-7-1,dimacs,2421,3
frb50-23-4,bhoslib,2422,4
san400-0-7-2,dimacs,2423,4
gen400-p0-9-65,dimacs,2424,2
keller5,dimacs,2425,4
frb50-23-2,bhoslib,2426,3
C2000-5,dimacs,2427,7
keller4,dimacs,2428,4
MANN-a45,dimacs,2429,2
san400-0-7-1,dimacs,2430,3
MANN-a27,dimacs,2431,2
hamming6-2,dimacs,2432,2
frb45-21-5,bhoslib,2433,4
frb53-24-3,bhoslib,2434,3
san200-0-7-1,dimacs,2435,3
gen200-p0-9-55,dimacs,2436,2
MANN-a27,dimacs,2437,2
san400-0-5-1,dimacs,2438,9
san400-0-7-3,dimacs,2439,4
frb30-15-2,bhoslib,2440,3
frb45-21-3,bhoslib,2441,4
san400-0-7-1,dimacs,2442,3
frb50-23-3,bhoslib,2443,3
frb59-26-4,bhoslib,2444,3
johnson32-2-4,dimacs,2445,3
frb40-19-3,bhoslib,2446,3
frb30-15-3,bhoslib,2447,3
frb40-19-5,bhoslib,2448,3
c-fat500-5,dimacs,2449,6
san200-0-9-1,dimacs,2450,2
hamming8-2,dimacs,2451,2
frb30-15-2,bhoslib,2452,3
san1000,dimacs,2453,15
frb40-19-3,bhoslib,2454,3
C4000-5,dimacs,2455,8
gen400-p0-9-55,dimacs,2456,2
frb53-24-2,bhoslib,2457,3
frb50-23-3,bhoslib,2458,3
p-hat700-3,dimacs,2459,4
frb45-21-3,bhoslib,2460,3
gen400-p0-9-55,dimacs,2461,2
johnson32-2-4,dimacs,2462,3
p-hat700-2,dimacs,2463,5
san400-0-5-1,dimacs,2464,9
C2000-5,dimacs,2465,7
frb45-21-3,bhoslib,2466,4
san400-0-7-3,dimacs,2467,4
MANN-a45,dimacs,2468,2
frb45-21-5,bhoslib,2469,4
frb50-23-5,bhoslib,2470,3
C2000-5,dimacs,2471,8
frb45-21-1,bhoslib,2472,3
c-fat500-1,dimacs,2473,32
frb50-23-5,bhoslib,2474,3
keller6,dimacs,2475,4
frb53-24-1,bhoslib,2476,3
frb40-19-4,bhoslib,2477,3
johnson16-2-4,dimacs,2478,3
gen200-p0-9-55,dimacs,2479,2
frb30-15-3,bhoslib,2480,4
brock200-4,dimacs,2481,3
frb35-17-4,bhoslib,2482,3
hamming8-4,dimacs,2483,8
C4000-5,dimacs,2484,8
frb59-26-3,bhoslib,2485,3
p-hat1500-3,dimacs,2486,4
san200-0-9-3,dimacs,2487,2
frb59-26-4,bhoslib,2488,3
c-fat500-5,dimacs,2489,6
MANN-a9,dimacs,2490,2
frb30-15-1,bhoslib,2491,3
frb40-19-4,bhoslib,2492,3
keller5,dimacs,2493,4
frb53-24-1,bhoslib,2494,3
DSJC500-5,dimacs,2495,6
frb59-26-3,bhoslib,2496,3
frb40-19-4,bhoslib,2497,3
frb59-26-5,bhoslib,2498,3
frb30-15-5,bhoslib,2499,3
san200-0-7-2,dimacs,2500,3
brock400-4,dimacs,2501,3
keller5,dimacs,2502,4
hamming6-4,dimacs,2503,8
hamming8-2,dimacs,2504,2
p-hat700-1,dimacs,2505,14
san400-0-7-3,dimacs,2506,4
frb53-24-5,bhoslib,2507,3
p-hat700-1,dimacs,2508,11
san400-0-7-2,dimacs,2509,4
johnson16-2-4,dimacs,2510,3
frb30-15-4,bhoslib,2511,3
gen400-p0-9-75,dimacs,2512,2
frb50-23-2,bhoslib,2513,4
c-fat500-2,dimacs,2514,16
c-fat200-2,dimacs,2515,8
brock800-2,dimacs,2516,4
frb50-23-1,bhoslib,2517,3
keller5,dimacs,2518,4
brock400-2,dimacs,2519,3
frb45-21-4,bhoslib,2520,3
johnson8-2-4,dimacs,2521,3
frb45-21-4,bhoslib,2522,3
hamming6-4,dimacs,2523,8
c-fat200-2,dimacs,2524,7
DSJC1000-5,dimacs,2525,6
frb50-23-1,bhoslib,2526,3
DSJC1000-5,dimacs,2527,6
frb35-17-3,bhoslib,2528,3
p-hat700-1,dimacs,2529,11
san200-0-9-1,dimacs,2530,2
frb45-21-5,bhoslib,2531,4
san200-0-7-1,dimacs,2532,2
brock800-2,dimacs,2533,4
gen400-p0-9-55,dimacs,2534,2
C2000-9,dimacs,2535,3
frb40-19-5,bhoslib,2536,3
MANN-a27,dimacs,2537,2
DSJC1000-5,dimacs,2538,6
frb30-15-3,bhoslib,2539,3
san1000,dimacs,2540,14
keller6,dimacs,2541,4
hamming6-2,dimacs,2542,2
p-hat700-2,dimacs,2543,5
gen400-p0-9-75,dimacs,2544,2
DSJC500-5,dimacs,2545,6
keller6,dimacs,2546,4
keller5,dimacs,2547,4
keller6,dimacs,2548,4
johnson8-4-4,dimacs,2549,3
san200-0-7-2,dimacs,2550,3
frb59-26-1,bhoslib,2551,4
gen400-p0-9-65,dimacs,2552,2
p-hat700-3,dimacs,2553,4
brock200-2,dimacs,2554,5
gen200-p0-9-55,dimacs,2555,2
frb30-15-1,bhoslib,2556,3
frb35-17-4,bhoslib,2557,3
frb59-26-4,bhoslib,2558,3
frb35-17-3,bhoslib,2559,3
brock400-4,dimacs,2560,3
frb40-19-2,bhoslib,2561,3
frb59-26-3,bhoslib,2562,3
p-hat700-2,dimacs,2563,5
frb30-15-4,bhoslib,2564,3
gen200-p0-9-55,dimacs,2565,2
gen200-p0-9-55,dimacs,2566,2
DSJC1000-5,dimacs,2567,6
frb50-23-1,bhoslib,2568,3
johnson8-4-4,dimacs,2569,3
frb53-24-3,bhoslib,2570,3
c-fat200-1,dimacs,2571,14
p-hat700-2,dimacs,2572,5
gen200-p0-9-44,dimacs,2573,2
frb30-15-5,bhoslib,2574,3
MANN-a9,dimacs,2575,2
frb35-17-3,bhoslib,2576,3
p-hat700-2,dimacs,2577,5
frb30-15-4,bhoslib,2578,3
frb40-19-2,bhoslib,2579,3
frb35-17-1,bhoslib,2580,4
san400-0-7-1,dimacs,2581,3
frb59-26-1,bhoslib,2582,4
p-hat700-1,dimacs,2583,11
johnson8-2-4,dimacs,2584,3
brock400-4,dimacs,2585,3
frb100-40,bhoslib,2586,3
frb45-21-3,bhoslib,2587,3
keller5,dimacs,2588,4
san400-0-5-1,dimacs,2589,9
p-hat1500-3,dimacs,2590,4
brock400-4,dimacs,2591,3
c-fat500-2,dimacs,2592,15
hamming6-4,dimacs,2593,8
c-fat200-5,dimacs,2594,3
frb45-21-1,bhoslib,2595,3
frb40-19-5,bhoslib,2596,3
frb53-24-5,bhoslib,2597,3
johnson8-2-4,dimacs,2598,3
p-hat300-3,dimacs,2599,3
frb30-15-1,bhoslib,2600,3
frb59-26-2,bhoslib,2601,3
johnson8-2-4,dimacs,2602,3
frb45-21-5,bhoslib,2603,4
frb35-17-4,bhoslib,2604,3
san400-0-5-1,dimacs,2605,9
p-hat1500-1,dimacs,2606,13
p-hat300-2,dimacs,2607,5
frb40-19-4,bhoslib,2608,3
frb50-23-1,bhoslib,2609,3
frb35-17-2,bhoslib,2610,3
p-hat1500-2,dimacs,2611,10
gen200-p0-9-44,dimacs,2612,2
san200-0-9-2,dimacs,2613,2
p-hat300-2,dimacs,2614,5
hamming6-2,dimacs,2615,2
C250-9,dimacs,2616,2
p-hat300-1,dimacs,2617,10
C2000-5,dimacs,2618,8
johnson8-4-4,dimacs,2619,3
p-hat300-1,dimacs,2620,10
frb35-17-1,bhoslib,2621,4
san200-0-9-1,dimacs,2622,2
c-fat500-2,dimacs,2623,16
frb35-17-2,bhoslib,2624,3
frb45-21-2,bhoslib,2625,2
frb40-19-4,bhoslib,2626,3
gen200-p0-9-44,dimacs,2627,2
gen400-p0-9-55,dimacs,2628,2
C500-9,dimacs,2629,2
frb100-40,bhoslib,2630,3
frb50-23-1,bhoslib,2631,3
frb30-15-1,bhoslib,2632,3
MANN-a9,dimacs,2633,2
c-fat500-2,dimacs,2634,16
brock200-2,dimacs,2635,5
C250-9,dimacs,2636,2
frb53-24-3,bhoslib,2637,3
C2000-9,dimacs,2638,3
frb50-23-3,bhoslib,2639,3
johnson32-2-4,dimacs,2640,3
p-hat700-3,dimacs,2641,4
C500-9,dimacs,2642,2
frb45-21-4,bhoslib,2643,3
frb45-21-4,bhoslib,2644,3
frb53-24-4,bhoslib,2645,3
gen400-p0-9-65,dimacs,2646,2
frb45-21-5,bhoslib,2647,4
frb53-24-3,bhoslib,2648,3
frb45-21-4,bhoslib,2649,3
frb50-23-1,bhoslib,2650,3
san1000,dimacs,2651,15
keller4,dimacs,2652,4
san400-0-7-2,dimacs,2653,4
frb59-26-1,bhoslib,2654,4
frb50-23-4,bhoslib,2655,4
frb45-21-2,bhoslib,2656,2
san200-0-9-2,dimacs,2657,2
p-hat1500-2,dimacs,2658,10
keller4,dimacs,2659,4
frb30-15-1,bhoslib,2660,3
johnson16-2-4,dimacs,2661,3
frb59-26-3,bhoslib,2662,3
MANN-a45,dimacs,2663,2
frb53-24-3,bhoslib,2664,3
frb59-26-2,bhoslib,2665,3
brock800-4,dimacs,2666,4
gen400-p0-9-55,dimacs,2667,2
c-fat500-5,dimacs,2668,6
frb35-17-5,bhoslib,2669,3
brock800-4,dimacs,2670,4
frb50-23-1,bhoslib,2671,3
frb53-24-5,bhoslib,2672,3
C4000-5,dimacs,2673,8
keller4,dimacs,2674,4
p-hat700-3,dimacs,2675,4
frb45-21-3,bhoslib,2676,3
frb53-24-3,bhoslib,2677,3
frb50-23-1,bhoslib,2678,3
frb59-26-4,bhoslib,2679,3
johnson8-2-4,dimacs,2680,3
C500-9,dimacs,2681,2
brock800-4,dimacs,2682,4
frb50-23-4,bhoslib,2683,4
p-hat300-3,dimacs,2684,3
frb59-26-1,bhoslib,2685,4
frb35-17-4,bhoslib,2686,3
p-hat300-3,dimacs,2687,3
frb59-26-1,bhoslib,2688,4
C250-9,dimacs,2689,2
san200-0-9-3,dimacs,2690,2
frb30-15-2,bhoslib,2691,3
frb35-17-4,bhoslib,2692,3
frb50-23-2,bhoslib,2693,3
p-hat700-1,dimacs,2694,11
johnson16-2-4,dimacs,2695,3
frb40-19-1,bhoslib,2696,3
hamming6-4,dimacs,2697,8
keller5,dimacs,2698,4
johnson32-2-4,dimacs,2699,3
johnson8-4-4,dimacs,2700,3
C250-9,dimacs,2701,2
frb50-23-4,bhoslib,2702,4
frb40-19-4,bhoslib,2703,4
san200-0-7-1,dimacs,2704,2
frb40-19-2,bhoslib,2705,3
c-fat500-5,dimacs,2706,6
p-hat700-1,dimacs,2707,11
san400-0-5-1,dimacs,2708,9
MANN-a45,dimacs,2709,2
san400-0-7-3,dimacs,2710,4
C2000-5,dimacs,2711,8
brock200-2,dimacs,2712,5
frb30-15-1,bhoslib,2713,3
san200-0-9-3,dimacs,2714,2
johnson16-2-4,dimacs,2715,3
C1000-9,dimacs,2716,3
frb53-24-2,bhoslib,2717,3
frb30-15-5,bhoslib,2718,2
frb59-26-1,bhoslib,2719,4
C1000-9,dimacs,2720,3
frb45-21-5,bhoslib,2721,4
frb59-26-4,bhoslib,2722,3
keller6,dimacs,2723,4
johnson16-2-4,dimacs,2724,3
brock200-4,dimacs,2725,3
hamming8-2,dimacs,2726,2
frb45-21-3,bhoslib,2727,3
frb30-15-5,bhoslib,2728,3
frb40-19-4,bhoslib,2729,4
p-hat700-1,dimacs,2730,11
frb100-40,bhoslib,2731,3
p-hat700-1,dimacs,2732,13
johnson8-2-4,dimacs,2733,3
brock800-4,dimacs,2734,4
san400-0-5-1,dimacs,2735,9
gen400-p0-9-65,dimacs,2736,2
johnson32-2-4,dimacs,2737,3
frb30-15-1,bhoslib,2738,3
san400-0-7-3,dimacs,2739,4
johnson16-2-4,dimacs,2740,3
frb59-26-2,bhoslib,2741,3
johnson16-2-4,dimacs,2742,3
C500-9,dimacs,2743,2
johnson8-4-4,dimacs,2744,3
frb50-23-1,bhoslib,2745,3
san1000,dimacs,2746,14
frb35-17-3,bhoslib,2747,3
C2000-9,dimacs,2748,3
frb53-24-2,bhoslib,2749,3
p-hat700-1,dimacs,2750,11
p-hat700-1,dimacs,2751,14
frb40-19-1,bhoslib,2752,3
p-hat300-1,dimacs,2753,8
hamming8-2,dimacs,2754,2
san200-0-9-2,dimacs,2755,2
hamming8-4,dimacs,2756,8
p-hat700-2,dimacs,2757,5
C4000-5,dimacs,2758,8
frb53-24-5,bhoslib,2759,3
frb53-24-1,bhoslib,2760,3
frb59-26-4,bhoslib,2761,3
DSJC500-5,dimacs,2762,6
frb59-26-2,bhoslib,2763,3
san200-0-9-3,dimacs,2764,2
c-fat500-1,dimacs,2765,31
frb45-21-1,bhoslib,2766,3
brock800-2,dimacs,2767,4
c-fat200-1,dimacs,2768,15
johnson16-2-4,dimacs,2769,3
san200-0-9-3,dimacs,2770,2
brock200-4,dimacs,2771,3
MANN-a9,dimacs,2772,2
frb40-19-1,bhoslib,2773,3
hamming8-2,dimacs,2774,2
c-fat500-2,dimacs,2775,16
c-fat200-5,dimacs,2776,3
frb30-15-2,bhoslib,2777,3
johnson8-4-4,dimacs,2778,3
MANN-a9,dimacs,2779,2
hamming8-4,dimacs,2780,8
frb59-26-4,bhoslib,2781,3
frb45-21-5,bhoslib,2782,4
frb30-15-2,bhoslib,2783,3
johnson32-2-4,dimacs,2784,3
frb53-24-1,bhoslib,2785,3
hamming6-2,dimacs,2786,2
johnson8-2-4,dimacs,2787,3
C2000-9,dimacs,2788,3
brock800-2,dimacs,2789,4
frb50-23-4,bhoslib,2790,4
frb50-23-2,bhoslib,2791,3
san200-0-7-1,dimacs,2792,3
frb59-26-1,bhoslib,2793,4
brock800-2,dimacs,2794,4
frb53-24-2,bhoslib,2795,3
frb100-40,bhoslib,2796,3
san200-0-7-2,dimacs,2797,3
frb45-21-5,bhoslib,2798,4
san400-0-7-1,dimacs,2799,3
san400-0-5-1,dimacs,2800,8
frb45-21-1,bhoslib,2801,3
gen400-p0-9-55,dimacs,2802,2
MANN-a45,dimacs,2803,2
C2000-9,dimacs,2804,3
C125-9,dimacs,2805,2
DSJC500-5,dimacs,2806,5
hamming6-4,dimacs,2807,8
brock800-2,dimacs,2808,4
frb40-19-1,bhoslib,2809,3
frb45-21-4,bhoslib,2810,3
MANN-a9,dimacs,2811,2
frb40-19-4,bhoslib,2812,3
p-hat300-1,dimacs,2813,8
brock400-4,dimacs,2814,3
MANN-a9,dimacs,2815,2
frb45-21-3,bhoslib,2816,3
brock800-4,dimacs,2817,4
frb30-15-2,bhoslib,2818,3
brock200-2,dimacs,2819,5
frb35-17-2,bhoslib,2820,3
keller5,dimacs,2821,4
hamming6-2,dimacs,2822,2
keller6,dimacs,2823,4
frb40-19-3,bhoslib,2824,3
frb45-21-2,bhoslib,2825,2
C1000-9,dimacs,2826,3
frb30-15-1,bhoslib,2827,3
gen400-p0-9-75,dimacs,2828,2
frb100-40,bhoslib,2829,3
johnson8-2-4,dimacs,2830,3
frb50-23-3,bhoslib,2831,3
san1000,dimacs,2832,15
frb40-19-5,bhoslib,2833,3
frb53-24-5,bhoslib,2834,3
frb40-19-2,bhoslib,2835,3
san200-0-9-1,dimacs,2836,2
frb30-15-3,bhoslib,2837,3
frb53-24-2,bhoslib,2838,3
johnson16-2-4,dimacs,2839,3
p-hat700-2,dimacs,2840,5
gen400-p0-9-75,dimacs,2841,2
c-fat200-1,dimacs,2842,14
gen400-p0-9-75,dimacs,2843,2
p-hat1500-1,dimacs,2844,13
p-hat1500-3,dimacs,2845,4
frb45-21-1,bhoslib,2846,3
keller4,dimacs,2847,4
brock200-4,dimacs,2848,3
san200-0-9-3,dimacs,2849,2
frb53-24-1,bhoslib,2850,3
gen400-p0-9-65,dimacs,2851,2
frb53-24-1,bhoslib,2852,3
p-hat1500-1,dimacs,2853,13
keller6,dimacs,2854,4
san1000,dimacs,2855,15
frb53-24-4,bhoslib,2856,4
MANN-a9,dimacs,2857,2
san400-0-7-3,dimacs,2858,4
brock800-2,dimacs,2859,4
MANN-a81,dimacs,2860,2
keller5,dimacs,2861,4
frb53-24-4,bhoslib,2862,3
frb59-26-4,bhoslib,2863,3
gen200-p0-9-55,dimacs,2864,2
DSJC1000-5,dimacs,2865,6
frb40-19-1,bhoslib,2866,3
MANN-a27,dimacs,2867,2
hamming8-4,dimacs,2868,8
san200-0-9-3,dimacs,2869,2
brock200-4,dimacs,2870,3
hamming8-4,dimacs,2871,8
C500-9,dimacs,2872,2
p-hat1500-3,dimacs,2873,4
san400-0-7-3,dimacs,2874,4
MANN-a45,dimacs,2875,2
san200-0-7-2,dimacs,2876,3
frb50-23-5,bhoslib,2877,3
brock800-4,dimacs,2878,4
frb53-24-3,bhoslib,2879,3
frb53-24-5,bhoslib,2880,3
c-fat500-5,dimacs,2881,6
frb35-17-2,bhoslib,2882,3
keller5,dimacs,2883,4
MANN-a45,dimacs,2884,2
hamming8-2,dimacs,2885,2
keller4,dimacs,2886,4
frb35-17-2,bhoslib,2887,4
frb35-17-5,bhoslib,2888,3
frb45-21-5,bhoslib,2889,4
san1000,dimacs,2890,15
p-hat700-1,dimacs,2891,13
johnson32-2-4,dimacs,2892,3
frb53-24-3,bhoslib,2893,3
san200-0-9-1,dimacs,2894,2
C2000-9,dimacs,2895,3
c-fat200-1,dimacs,2896,16
san400-0-7-3,dimacs,2897,4
gen400-p0-9-65,dimacs,2898,2
johnson8-2-4,dimacs,2899,3
frb40-19-1,bhoslib,2900,3
san200-0-9-2,dimacs,2901,2
frb35-17-1,bhoslib,2902,4
san400-0-7-1,dimacs,2903,3
frb53-24-2,bhoslib,2904,3
frb35-17-4,bhoslib,2905,3
johnson8-2-4,dimacs,2906,3
gen400-p0-9-75,dimacs,2907,2
gen400-p0-9-55,dimacs,2908,2
brock400-4,dimacs,2909,3
frb30-15-5,bhoslib,2910,3
